넘어가/VV,0.9989886283874512
치우/VV,0.9989355802536011
안/VV,0.998897135257721
흔하/VA,0.9987937808036804
제발/MAG,0.9987806677818298
치/VV,0.9987481832504272
울리/VV,0.9987307786941528
내몰/VV,0.9986920952796936
계시/VV,0.9986498355865479
저지르/VV,0.9986412525177002
움직이/VV,0.9986332654953003
지내/VV,0.9986273646354675
가끔/MAG,0.9985555410385132
이러/VV,0.9985347390174866
고치/VV,0.9985238313674927
바쁘/VA,0.9985224008560181
싫/VA,0.9985224008560181
견디/VV,0.9984930157661438
조그맣/VA,0.9984804391860962
반기/VV,0.9984554648399353
편하/VA,0.9984502792358398
배/VV,0.998432993888855
무섭/VA,0.9984263181686401
부끄럽/VA,0.9984263181686401
어차피/MAG,0.9983710646629333
전하/VV,0.9983665943145752
무너지/VV,0.9983618259429932
피하/VV,0.9983617067337036
어리/VV,0.9983589053153992
맑/VA,0.9983539581298828
옳/VA,0.9983466267585754
괜찮/VA,0.9982995390892029
조금/MAG,0.9982966780662537
끼/VV,0.998293399810791
즐기/VV,0.9982929229736328
커지/VV,0.9982891082763672
그만/MAG,0.9982694387435913
채우/VV,0.998268187046051
도망가/VV,0.9982631802558899
헤아리/VV,0.9982600808143616
자/VV,0.99825119972229
마시/VV,0.9982196092605591
속상하/VA,0.9982143640518188
비/VV,0.9982126951217651
스럽/VA,0.9981874227523804
괴롭히/VV,0.9981756806373596
잃/VV,0.9981756806373596
앉/VV,0.9981629848480225
터지/VV,0.99815833568573
하루하루/MAG,0.9981513023376465
좁/VA,0.9981495141983032
웃/VV,0.9981261491775513
모르/VA,0.9981237053871155
물려주/VV,0.9981130957603455
푸/VV,0.9981102347373962
많이/MAG,0.9980889558792114
그저/MAG,0.9980882406234741
입/VV,0.9980875849723816
끝나/VV,0.9980795383453369
굶/VV,0.9980751276016235
죽/VV,0.998075008392334
엄청나/VA,0.9980480670928955
절대/MAG,0.9980465173721313
나가/VV,0.9980429410934448
벌어지/VV,0.9980403184890747
추/VV,0.9980366826057434
쏘/VV,0.9980365037918091
솔직히/MAG,0.9980279803276062
잘사/VV,0.9980138540267944
쓰/VA,0.9980048537254333
몰르/VV,0.9980003833770752
힘쓰/VV,0.9979997873306274
어찌하/VV,0.9979925751686096
덥/VA,0.9979811906814575
심하/VA,0.9979811906814575
달리/VV,0.9979759454727173
답/VA,0.9979601502418518
담/VV,0.997945249080658
챙기/VV,0.9979420304298401
거의/MAG,0.9979379177093506
돌보/VV,0.9979313611984253
듣/VV,0.9979304671287537
쥐/VV,0.9979283809661865
마르/VV,0.9979070425033569
책임지/VV,0.9979045391082764
싸우/VV,0.997900664806366
놀라/VV,0.997900664806366
일삼/VV,0.9978914260864258
아닌/VA,0.9978786110877991
어떻게/MAG,0.9978767037391663
굴/VV,0.9978681802749634
시달리/VV,0.9978630542755127
쉬/VV,0.9978630542755127
깊/VA,0.9978532791137695
떠/VV,0.9978445768356323
일단/MAG,0.997833788394928
돌리/VV,0.9978311657905579
않/VV,0.9978223443031311
때/VV,0.9978126287460327
힘내/VV,0.9978097677230835
가하/VV,0.9978018999099731
명확히/MAG,0.9977921843528748
이제/MAG,0.9977687001228333
이기/VV,0.9977686405181885
갈수록/MAG,0.9977662563323975
멈추/VV,0.9977635741233826
저러/VV,0.9977622032165527
참으로/MAG,0.9977620244026184
놓/VV,0.9977588057518005
느끼/VV,0.99775230884552
변하/VV,0.9977485537528992
안타깝/VA,0.9977329969406128
꾸/VV,0.9977295398712158
묻/VV,0.9977285265922546
입히/VV,0.9977266788482666
망치/VV,0.9977249503135681
생기/VV,0.9977221488952637
달/VV,0.9977182745933533
그렇/VA,0.9977182745933533
쓰러지/VV,0.9977182149887085
떨/VV,0.9977086782455444
털/VV,0.9976964592933655
그러/VV,0.997674286365509
그냥/MAG,0.9976577758789062
누/VV,0.9976392388343811
짖/VV,0.9976338148117065
자라/VV,0.9976290464401245
진짜/MAG,0.997626781463623
내놓/VV,0.9976215362548828
갑자기/MAG,0.9976191520690918
나쁘/VA,0.9976063966751099
못하/VA,0.9976012110710144
쓰이/VV,0.9975900650024414
이렇/VA,0.997589647769928
두렵/VA,0.9975887537002563
어이없/VA,0.9975885152816772
쓰/VV,0.9975833892822266
정말/MAG,0.9975759983062744
꾸리/VV,0.9975719451904297
자꾸/MAG,0.997567892074585
구하/VV,0.9975561499595642
오로지/MAG,0.9975556135177612
적/VV,0.9975538849830627
바쁘/VV,0.9975526332855225
얼마나/MAG,0.9975508451461792
찾아가/VV,0.9974908232688904
한번/MAG,0.9974867701530457
드/VV,0.9974818825721741
가져오/VV,0.9974691867828369
내려/VV,0.9974604249000549
적어도/MAG,0.9974527955055237
모내/VV,0.9974466562271118
심지어/MAG,0.9974237680435181
내려가/VV,0.9974133372306824
맘대로/MAG,0.997411847114563
접히/VV,0.9974086284637451
아/VV,0.9974046349525452
지/VV,0.9973980188369751
적/VA,0.9973944425582886
꾸준히/MAG,0.9973932504653931
덜/VV,0.997382402420044
낮추/VV,0.9973800182342529
죽이/VV,0.9973793029785156
잡/VV,0.9973605275154114
들리/VV,0.9973582029342651
마치/VV,0.9973480701446533
보이/VV,0.9973478317260742
남기/VV,0.9973463416099548
미치/VV,0.9973347187042236
귀찮/VA,0.9972900152206421
내주/VV,0.9972819089889526
좀/MAG,0.9972806572914124
잘/MAG,0.9972805976867676
그나마/MAG,0.9972755908966064
어떻/VA,0.9972593784332275
절대로/MAG,0.997247040271759
붙/VV,0.9972466230392456
들어가/VV,0.9972354769706726
살아오/VV,0.9972299933433533
늘/VV,0.9972250461578369
올르/VV,0.9972172975540161
농사지/VV,0.9972048401832581
당히/VV,0.9972009658813477
잠시/MAG,0.9972000122070312
돌아가/VV,0.9971863627433777
가지/VV,0.9971605539321899
특히/MAG,0.997159481048584
치르/VV,0.9971518516540527
턱없이/MAG,0.9971510767936707
갈/VV,0.997146487236023
요즘/MAG,0.997135579586029
부리/VV,0.9971271753311157
밀/VV,0.9971187114715576
점점/MAG,0.9971136450767517
줍/VV,0.9970932602882385
한/VV,0.9970510005950928
지르/VV,0.9970497488975525
젊/VA,0.9970439672470093
돕/VV,0.997032105922699
몰/VV,0.9970160722732544
애쓰/VV,0.9970153570175171
이러/VA,0.9970122575759888
끌/VV,0.9970046281814575
풀/VV,0.9969943165779114
망하/VV,0.996991753578186
돌/VV,0.996991753578186
빠지/VV,0.996981143951416
일일이/MAG,0.9969749450683594
배우/VV,0.9969407916069031
지키/VV,0.9969278573989868
믿/VV,0.9969194531440735
깔/VV,0.9968799948692322
밝히/VV,0.9968774318695068
뿌리/VV,0.9968749284744263
오르/VV,0.9968715310096741
싸/VA,0.9968603849411011
도대체/MAG,0.9968582987785339
돼/VV,0.9968578219413757
엄청나/VV,0.9968544244766235
섞이/VV,0.9968504905700684
까/VV,0.9968397617340088
물/VV,0.9968380928039551
줄어들/VV,0.9968311786651611
일구/VV,0.9968299865722656
당연/MAG,0.9968299865722656
모르/VV,0.9968262910842896
참/VV,0.9967964887619019
갖/VV,0.9967923164367676
이루/VV,0.9967535138130188
주어지/VV,0.996719241142273
어렵/VA,0.9967178106307983
그만두/VV,0.9967086911201477
알/VV,0.9966864585876465
걷/VV,0.9966837763786316
취하/VV,0.9966736435890198
달라지/VV,0.9966713786125183
강하/VA,0.9966675639152527
생기/VA,0.9966659545898438
파/VV,0.996665894985199
마음대로/MAG,0.9966614842414856
굳이/MAG,0.9966297149658203
달/VA,0.9966195821762085
물론/MAG,0.9966038465499878
그렇게/MAG,0.9966011047363281
만드/VV,0.996597945690155
무척/MAG,0.9965950846672058
지나가/VV,0.9965890645980835
롭/VA,0.9965816736221313
끼치/VV,0.996576189994812
질/VA,0.9965450763702393
힘없/VA,0.9965447783470154
망하/VA,0.9965355396270752
어떻/VV,0.9965155124664307
맡기/VV,0.9965114593505859
놀/VV,0.9965044856071472
또/MAG,0.9965020418167114
커녕/MAG,0.9965014457702637
과연/MAG,0.9964584112167358
심/VV,0.9964388608932495
덮/VV,0.9964290857315063
들/VV,0.9964123368263245
넣/VV,0.9964078068733215
이끌/VV,0.9964054226875305
높이/VV,0.9963971376419067
보여지/VV,0.9963811635971069
작/VA,0.9963690042495728
늘/MAG,0.9963638782501221
사/VV,0.9963634014129639
울/VV,0.9963609576225281
기울/VV,0.9963570833206177
빼앗/VV,0.9963462352752686
찾아오/VV,0.996344804763794
살아가/VV,0.9963085055351257
너무/MAG,0.996300995349884
엄청/MAG,0.9962891340255737
해지/VV,0.9962810277938843
놓이/VV,0.996239960193634
먹/VV,0.9962389469146729
홀로/MAG,0.996235728263855
오래/MAG,0.996235728263855
앓/VV,0.9962301254272461
똑같/VA,0.9962113499641418
자주/MAG,0.9962107539176941
뜨/VV,0.9962069392204285
빌리/VV,0.9961892366409302
맡/VV,0.9961864948272705
원하/VV,0.9961856603622437
다니/VV,0.9961696863174438
바로/MAG,0.9961646795272827
반하/VA,0.9961550831794739
버리/VV,0.9961494207382202
왜/MAG,0.9961456656455994
들어오/VV,0.9961435794830322
다르/VA,0.9961369037628174
부디/MAG,0.9961203932762146
멀리/MAG,0.9961090087890625
찾/VV,0.9960984587669373
뻥치/VV,0.9960916042327881
말/VV,0.9960880279541016
드러나/VV,0.996071994304657
낳/VV,0.9960688352584839
사라지/VV,0.9960630536079407
딱/MAG,0.9960532188415527
없이/MAG,0.9960015416145325
살피/VV,0.9959901571273804
몰리/VV,0.9959767460823059
이미/MAG,0.9959737658500671
맞/VV,0.9959649443626404
마/VV,0.9959574937820435
만들/VV,0.9959530830383301
되/VA,0.995951771736145
더불/VV,0.995947539806366
결코/MAG,0.9959391355514526
데리/VV,0.9959239959716797
당연히/MAG,0.9959193468093872
짧/VA,0.9959176182746887
낮/VA,0.9959176182746887
늦/VA,0.9959114789962769
지나치/VA,0.9959114789962769
모자르/VA,0.995899498462677
언제나/MAG,0.9958994388580322
바꾸/VV,0.9958945512771606
우습/VA,0.9958913326263428
넘치/VV,0.9958887100219727
언제/MAG,0.9958805441856384
가장/MAG,0.9958673715591431
팔/VV,0.9958544969558716
외치/VV,0.9958393573760986
알아보/VV,0.9958354234695435
말르/VV,0.9958125948905945
일어나/VV,0.9958062171936035
부탁드리/VV,0.9957780241966248
태우/VV,0.995772123336792
주로/MAG,0.9957659840583801
기다리/VV,0.9957650303840637
부르/VV,0.9957582354545593
삼/VV,0.9957500696182251
도저히/MAG,0.9957441091537476
짓/VV,0.9957249164581299
살/VV,0.9956915378570557
걸르/VV,0.9956880807876587
불리/VV,0.9956611394882202
끄/VV,0.9956475496292114
마구/MAG,0.9956304430961609
무조건/MAG,0.9956272840499878
막상/MAG,0.9956242442131042
재대로/MAG,0.9956137537956238
줄이/VV,0.9956029057502747
올라가/VV,0.9955599308013916
맞추/VV,0.9955486059188843
터/VA,0.9955463409423828
벌/VV,0.9955397844314575
어쩌/VV,0.9955397844314575
싸/VV,0.9954986572265625
제일/MAG,0.9954478740692139
계속/MAG,0.9954137206077576
아무리/MAG,0.9954080581665039
예쁘/VA,0.9954004883766174
지/VA,0.995381236076355
데/VV,0.9953762292861938
훨씬/MAG,0.9953758716583252
아주/MAG,0.9953666925430298
크/VV,0.9953585267066956
지치/VV,0.9953481554985046
상하/VV,0.9953480362892151
히/VV,0.9953066110610962
거두/VV,0.99530029296875
그대로/MAG,0.9952789545059204
열심히/MAG,0.9952654838562012
겨우/MAG,0.9952611327171326
있/VA,0.9952124953269958
만약/MAG,0.9952089190483093
피/VV,0.9951791763305664
매년/MAG,0.9951305389404297
원래/MAG,0.995090126991272
가꾸/VV,0.9950738549232483
늘어나/VV,0.9950737953186035
별로/MAG,0.9950680732727051
내리/VV,0.9950650930404663
신속히/MAG,0.9950514435768127
들어서/VV,0.9950096607208252
아예/MAG,0.9950076937675476
시/VA,0.9949766993522644
막히/VV,0.99497389793396
서로/MAG,0.9949427247047424
지금/MAG,0.9948907494544983
간절히/MAG,0.9948828816413879
꼭/MAG,0.9948828220367432
충분히/MAG,0.9948816299438477
어렵/VV,0.9948755502700806
너무너무/MAG,0.9948717355728149
넘기/VV,0.9948465824127197
못/MAG,0.9948346614837646
쓸모없/VA,0.9948345422744751
알리/VV,0.9948257803916931
오가/VV,0.9947848320007324
떨어지/VV,0.9947710037231445
앞서/VV,0.9947461485862732
겪/VV,0.9947454929351807
웃기/VV,0.9947439432144165
찢/VV,0.9947353601455688
버티/VV,0.9947198033332825
너무나/MAG,0.9946902990341187
쉽/VA,0.9946826696395874
숨기/VV,0.994661808013916
매일/MAG,0.994651734828949
이뤄지/VV,0.9946466684341431
수많/VA,0.9946281909942627
다시/MAG,0.9946209192276001
비하/VA,0.9945899248123169
비싸/VA,0.9945777654647827
걸/VV,0.9945257902145386
태어나/VV,0.9944801330566406
차/VA,0.994471549987793
흐르/VV,0.994468629360199
빨리/MAG,0.9944620728492737
얻/VV,0.9944590926170349
뺏/VV,0.9943851232528687
낫/VA,0.9943850636482239
분하/VV,0.9943801164627075
넓/VA,0.9943505525588989
걸리/VV,0.9943472146987915
마져/MAG,0.9943411946296692
접/VV,0.994339644908905
읽/VV,0.9943362474441528
빼앗기/VV,0.9942935705184937
찍/VV,0.9942899346351624
집/VV,0.9942659139633179
내려오/VV,0.9942246675491333
잠기/VV,0.9942010641098022
올라오/VV,0.9941505193710327
주/VV,0.9941434860229492
어기/VV,0.9941239356994629
두/VV,0.9940863847732544
쓰다듬/VV,0.9940741062164307
정해지/VV,0.9940658211708069
끊/VV,0.9940530061721802
이렇게/MAG,0.9940394163131714
처음/MAG,0.9940347075462341
열/VV,0.9939799308776855
일으키/VV,0.9939622282981873
짓밟/VV,0.9939020276069641
더/MAG,0.9938839673995972
모이/VV,0.9938780069351196
달려오/VV,0.9938766956329346
세/VV,0.993864893913269
몰래/MAG,0.9938305616378784
바뀌/VV,0.9938243627548218
닿/VV,0.9938233494758606
종종/MAG,0.9937567114830017
바르/VV,0.9937536716461182
내/VV,0.9937509894371033
길/VV,0.9937005043029785
버/VV,0.9936281442642212
비추/VV,0.993597686290741
가리/VV,0.9935884475708008
부추기/VV,0.9935692548751831
떠들/VV,0.9935691952705383
닫/VV,0.9935475587844849
앞장서/VV,0.9935027360916138
지켜보/VV,0.9934989809989929
나오/VV,0.9934295415878296
당하/VV,0.993313193321228
뒤집/VV,0.9932739734649658
누리/VV,0.9932660460472107
옮기/VV,0.9932571053504944
살아남/VV,0.9931862950325012
물어뜯/VV,0.993168830871582
찌르/VV,0.9931687116622925
걸/VA,0.9931325912475586
멀/VA,0.9930014610290527
과하/VA,0.9930014610290527
멀/VV,0.9929956197738647
달리/MAG,0.9929661750793457
벌리/VV,0.9929654002189636
갚/VV,0.992958664894104
들이/VV,0.9929486513137817
줄/VV,0.9929314255714417
모시/VV,0.9929207563400269
함께/MAG,0.9929207563400269
꽂/VV,0.9928988218307495
묵/VV,0.992894172668457
항상/MAG,0.9928714036941528
즉각/MAG,0.9928231835365295
못하/VV,0.9928053021430969
가득/MAG,0.9928020238876343
간곡히/MAG,0.9927987456321716
아직/MAG,0.9927594065666199
가엾/VA,0.9927486181259155
가엽/VA,0.9927485585212708
배고프/VV,0.9927212595939636
쳐다보/VV,0.9926857948303223
분명히/MAG,0.9926786422729492
아름답/VA,0.9926477670669556
여쭈/VV,0.9926465749740601
단순히/MAG,0.9926182627677917
내버리/VV,0.9925882816314697
꿈꾸/VV,0.9925861954689026
길/VA,0.9925788640975952
제대로/MAG,0.9925602078437805
저렇/VA,0.9925577044487
숨쉬/VV,0.9925242066383362
웁/VA,0.9924749732017517
틀/VV,0.9924454689025879
안/MAG,0.9923714399337769
모두/MAG,0.9923228025436401
귀하/VA,0.9922734498977661
다녀오/VV,0.9922659397125244
씻/VV,0.9922263026237488
살펴보/VV,0.9921940565109253
흔들/VV,0.9921908378601074
빠르/VA,0.9921761751174927
내세우/VV,0.9921438694000244
다치/VV,0.9921225309371948
늙/VV,0.99212247133255
사실/MAG,0.9921209812164307
찔르/VV,0.9920886158943176
처하/VV,0.9920859336853027
잃어버리/VV,0.9920724630355835
함부로/MAG,0.992048978805542
바라/VV,0.9920097589492798
이루어지/VV,0.9920015335083008
괴롭/VA,0.9919871091842651
시끄럽/VA,0.9919871091842651
찾아보/VV,0.9919491410255432
키우/VV,0.9919393658638
잊/VV,0.9919118285179138
혹여나/MAG,0.9919055104255676
조속히/MAG,0.9918909668922424
잡히/VV,0.9918777346611023
묶이/VV,0.9918677806854248
돌아오/VV,0.9918608069419861
붙잡/VV,0.9918519258499146
불르/VA,0.9918410181999207
아파/VA,0.9917685985565186
아프/VA,0.9916949272155762
힘들/VA,0.9916949272155762
아쉽/VA,0.9916432499885559
내걸/VV,0.9916404485702515
내어주/VV,0.9916350841522217
잘못/MAG,0.9916063547134399
혹시나/MAG,0.9915904402732849
타/VV,0.9915746450424194
나누/VV,0.9915714263916016
안타깝/VV,0.991432249546051
대수롭/VA,0.9913557767868042
가/VV,0.9913510084152222
쌓/VV,0.9913057088851929
기/VV,0.9912456274032593
니/VV,0.9912436008453369
쏟/VV,0.9912238121032715
스치/VV,0.9911947250366211
만나/VV,0.9911931157112122
매우/MAG,0.9911905527114868
막/VV,0.9911683797836304
말리/VV,0.9910597801208496
돌려주/VV,0.9910448789596558
장난치/VV,0.9910421967506409
이대로/MAG,0.9910368919372559
뱅/MAG,0.9910180568695068
눈뜨/VV,0.9910166263580322
서/VV,0.9909987449645996
대/VV,0.9909960627555847
무수히/MAG,0.9909871816635132
단지/MAG,0.9909857511520386
바라보/VV,0.9909845590591431
엄연히/MAG,0.9909534454345703
쌓이/VV,0.9908854961395264
검/VA,0.9908348321914673
좋/VA,0.99083411693573
드리/VV,0.9908211827278137
속이/VV,0.9907548427581787
썩/VV,0.9907547831535339
먹히/VV,0.990726888179779
귀엽/VA,0.9907091856002808
믿기/VV,0.9906942844390869
핥/VV,0.9906079769134521
풀리/VV,0.9905300736427307
토하/VV,0.9905136823654175
흘리/VV,0.9905136823654175
찌푸리/VV,0.9904043674468994
슬퍼하/VV,0.9904043674468994
미루/VV,0.99039626121521
슬프/VA,0.9903210401535034
잡아먹/VV,0.9903151392936707
견주/VV,0.990280032157898
지지/VV,0.9902663230895996
이르/VV,0.9901602268218994
힘겹/VA,0.9900886416435242
보내/VV,0.9900840520858765
감히/MAG,0.9900825023651123
신/VV,0.9899998903274536
지켜주/VV,0.9899908304214478
어둡/VV,0.9899469614028931
빼/VV,0.9899377822875977
눕/VV,0.9899368286132812
다루/VV,0.9899129867553711
트/VV,0.9898903965950012
이어지/VV,0.9898408651351929
같이/MAG,0.9898233413696289
굶주리/VV,0.9897832870483398
밝/VA,0.9897536635398865
떠도/VV,0.989708423614502
점차/MAG,0.9896948337554932
따라가/VV,0.989594042301178
뺏기/VV,0.9895407557487488
숙이/VV,0.9895244836807251
뛰어다니/VV,0.9895162582397461
게다가/MAG,0.9895079731941223
올리/VV,0.9895032048225403
가깝/VA,0.9894826412200928
붓/VV,0.9894534349441528
떠나/VV,0.9894401431083679
품/VV,0.9894025921821594
잇/VV,0.9893856644630432
모자라/VV,0.989373505115509
깔리/VV,0.9892544746398926
내보내/VV,0.9892191886901855
화나/VV,0.9891752600669861
여기/VV,0.9890779256820679
묻히/VV,0.989017128944397
줄줄이/MAG,0.9889875054359436
곧/MAG,0.9889625310897827
질리/VV,0.988909125328064
욕하/VV,0.9888981580734253
자라나/VV,0.9888826608657837
도망치/VV,0.9888583421707153
친하/VA,0.9888376593589783
제하/VV,0.98881995677948
나아가/VV,0.9888134002685547
수없이/MAG,0.9888017177581787
다름없/VA,0.9887716174125671
뛰/VV,0.9887399673461914
금방/MAG,0.988737165927887
벌써/MAG,0.9886606931686401
하도/MAG,0.9886377453804016
쳐먹/VV,0.9886029958724976
기대/VV,0.9885908961296082
앗/VV,0.9885687828063965
짜/VV,0.9885244369506836
하찮/VA,0.9885178804397583
나서/VV,0.9884728193283081
되게/MAG,0.9884669780731201
같/VA,0.9884610772132874
보/VV,0.9883876442909241
맺/VV,0.9883522987365723
참/MAG,0.988248348236084
보다/MAG,0.9882217049598694
오/VV,0.9882206916809082
뽑/VV,0.9882169961929321
끌려가/VV,0.9881890416145325
잘리/VV,0.9881378412246704
처해지/VV,0.9881002306938171
더욱더/MAG,0.9880869388580322
무참히/MAG,0.9880844354629517
가르치/VV,0.9880303144454956
하루빨리/MAG,0.9879927635192871
망가지/VV,0.9879856705665588
키오/VV,0.9879467487335205
쏟아지/VV,0.9879323840141296
쓸데없/VA,0.9879066348075867
조용히/MAG,0.9878977537155151
비우/VV,0.9878811240196228
다가/VV,0.9878622889518738
외롭/VA,0.9878553152084351
이/VA,0.9878528118133545
따라서/VV,0.9877883195877075
그리/MAG,0.9877496361732483
내려치/VV,0.9877383708953857
물리/VA,0.9877188205718994
실/VV,0.9876927733421326
다/MAG,0.9876564741134644
매/VV,0.9876497983932495
나/VV,0.9876486659049988
되/VV,0.9876300096511841
덜/MAG,0.9875603914260864
전혀/MAG,0.9875569343566895
때리/VV,0.9875502586364746
적어지/VV,0.9875035881996155
에이/VV,0.9874733090400696
도무지/MAG,0.987464964389801
설치/VV,0.9874504804611206
부수/VV,0.9874050617218018
뜯/VV,0.9873093366622925
기울이/VV,0.9873018264770508
벗/VV,0.9872756600379944
메/VV,0.9872506856918335
뒤지/VV,0.9872192144393921
버려지/VV,0.9870657920837402
급하/VA,0.9870452880859375
어찌/MAG,0.9870233535766602
비록/MAG,0.9870195388793945
드러내/VV,0.9869993329048157
나타나/VV,0.9869568347930908
하나하나/MAG,0.9869294166564941
세우/VV,0.9868937730789185
똑/MAG,0.9868708848953247
깨닳/VV,0.9868625402450562
똑같이/MAG,0.9868479371070862
무서워하/VV,0.9867346882820129
새롭/VV,0.9867116808891296
따로/MAG,0.9866892695426941
차갑/VA,0.9866477251052856
다가오/VV,0.9866009950637817
여리/VA,0.9865981340408325
버겁/VA,0.9865981340408325
끊이/VV,0.9865821003913879
막하/VV,0.9865753054618835
무겁/VA,0.9865574240684509
돌아보/VV,0.9865554571151733
빈번히/MAG,0.9864792823791504
아깝/VA,0.9864739179611206
새로/MAG,0.9864598512649536
늘리/VV,0.9863964319229126
따지/VV,0.9863631725311279
어긋나/VV,0.9863630533218384
재미있/VA,0.9863544702529907
힘드/VA,0.986349880695343
절/VV,0.9862490892410278
상관없/VA,0.9862372875213623
결국/MAG,0.9862339496612549
나아지/VV,0.9861994981765747
차라리/MAG,0.9861842393875122
치이/VV,0.9861796498298645
알아주/VV,0.9861035346984863
딸랑딸랑/MAG,0.985989511013031
펴/VV,0.9859194755554199
생색내/VV,0.9859194159507751
안쓰럽/VA,0.985862135887146
푸르/VA,0.985862135887146
그치/VV,0.9858523607254028
튀어나오/VV,0.9858358502388
모으/VV,0.9857792258262634
자르/VV,0.9857676029205322
찢어지/VV,0.9857610464096069
꺼내/VV,0.9857027530670166
수시로/MAG,0.9856882095336914
접하/VV,0.9856706261634827
떠돌/VV,0.9856487512588501
좋아하/VV,0.9856424927711487
뻔히/MAG,0.9856255054473877
많/VA,0.9855800867080688
벗겨지/VV,0.9854893088340759
혹시/MAG,0.9854604601860046
인정받/VV,0.9854074120521545
뛰어놀/VV,0.9853439331054688
잡아당기/VV,0.985339879989624
지나다니/VV,0.9852205514907837
알려지/VV,0.9852175116539001
잘/VA,0.9852153062820435
벗어나/VV,0.9851917028427124
역겹/VA,0.9851897954940796
커다랗/VA,0.985188364982605
내려지/VV,0.9851569533348083
간혹/MAG,0.9851375818252563
꽁꽁/MAG,0.9851266145706177
정확히/MAG,0.9851237535476685
건너/VV,0.9849571585655212
아마/MAG,0.9849357604980469
우/VV,0.9849230647087097
가만히/MAG,0.9848994016647339
심해지/VV,0.9847901463508606
날뛰/VV,0.9847783446311951
행하/VV,0.9847072958946228
없/VA,0.9846735596656799
줄어드/VV,0.984671950340271
무느/VV,0.9846097230911255
쎄/VA,0.9845833778381348
데려오/VV,0.9844634532928467
그리/VV,0.9843623638153076
꺼리/VV,0.9842888712882996
슬/VV,0.984282374382019
밟/VV,0.9842780828475952
부치/VV,0.9842551946640015
마냥/MAG,0.9842209815979004
굶기/VV,0.9841910600662231
오늘/MAG,0.9840916991233826
끌리/VV,0.9840539693832397
즐겁/VA,0.9839359521865845
만지/VV,0.9838862419128418
뻔하/VA,0.9837839007377625
차/VV,0.9836796522140503
깨닫/VV,0.9835607409477234
부르/VA,0.983543336391449
아마도/MAG,0.9834505319595337
오직/MAG,0.9834191203117371
생겨나/VV,0.9833891987800598
되돌리/VV,0.9833852648735046
고맙/VA,0.9833533763885498
해치/VV,0.9833218455314636
착하/VA,0.9832649230957031
잘르/VV,0.9831312894821167
하필/MAG,0.9830922484397888
달려들/VV,0.9829687476158142
치우/VA,0.982852578163147
뛰놀/VV,0.9828466176986694
대체/MAG,0.9827131628990173
먼저/MAG,0.982656717300415
잠깐/MAG,0.9825559854507446
더하/VV,0.9825435280799866
기쁘/VA,0.9824860095977783
데려가/VV,0.9823331236839294
받아들이/VV,0.982297420501709
깜짝/MAG,0.9822713136672974
희/VA,0.9822460412979126
시키/VV,0.9822234511375427
아까/MAG,0.982190728187561
찿/VV,0.9820797443389893
벌벌/MAG,0.9820763468742371
편히/MAG,0.9820629954338074
정말로/MAG,0.9820013046264648
좁디좁/VA,0.9819988012313843
살리/VV,0.9819387793540955
남/VV,0.981803297996521
헤어지/VV,0.9817417860031128
떠나보내/VV,0.9816817045211792
차리/VV,0.9815647602081299
배고프/VA,0.9815306067466736
외/VA,0.9814154505729675
해보/VV,0.9813648462295532
풀어놓/VV,0.9812641143798828
어서/MAG,0.9812191724777222
비좁/VA,0.9812038540840149
업/VV,0.9811316728591919
어느새/MAG,0.9810898303985596
저렇게/MAG,0.9810882806777954
속히/MAG,0.9810863733291626
일/VV,0.9810194969177246
내몰리/VV,0.9810025691986084
개/VV,0.9804637432098389
갇히/VV,0.9804413914680481
엄하/VA,0.980437159538269
철저히/MAG,0.9803117513656616
끌어내/VV,0.9802931547164917
바치/VV,0.9802426099777222
억지로/MAG,0.979812741279602
질질/MAG,0.979812741279602
발르/VV,0.9797462224960327
보살피/VV,0.979576587677002
벅차/VA,0.9795506000518799
일부러/MAG,0.9795021414756775
늦추/VV,0.9793670773506165
던지/VV,0.9792646169662476
소리지르/VV,0.9788532257080078
서럽/VA,0.9787659645080566
꽤/MAG,0.9787138104438782
갖추/VV,0.9786974191665649
마치/MAG,0.9786421656608582
이쁘/VA,0.9785705804824829
앞당기/VV,0.9785116910934448
정작/MAG,0.9783514142036438
찾아내/VV,0.9783446788787842
잇따르/VV,0.9782305955886841
누리/VA,0.9781655073165894
묶/VV,0.9780575037002563
잦/VA,0.9778194427490234
펼치/VV,0.9778056144714355
끊임없이/MAG,0.9778048992156982
바로잡/VV,0.9777529835700989
향하/VV,0.9775755405426025
여태껏/MAG,0.9775516986846924
병들/VV,0.9773803353309631
새/VV,0.9773450493812561
먹이/VV,0.977304220199585
비하/VV,0.977172315120697
담기/VV,0.9770697355270386
손쉽/VA,0.9770528078079224
걸치/VV,0.9768387079238892
돌아다니/VV,0.9768308997154236
느껴지/VV,0.9768203496932983
덧붙이/VV,0.9766887426376343
부/VV,0.9766300916671753
죄/MAG,0.9762172102928162
어리/VA,0.9761391878128052
숨/VV,0.9760071039199829
감/VV,0.9759713411331177
놔두/VV,0.9757564663887024
새롭/VA,0.9757148027420044
한낱/MAG,0.9753890037536621
아무렇/VA,0.9753692746162415
아니/VA,0.9753627777099609
찍히/VV,0.9753284454345703
어지럽히/VV,0.9753275513648987
짊어지/VV,0.9751813411712646
마음껏/MAG,0.9751569032669067
무지/MAG,0.9749875068664551
다행히/MAG,0.9749303460121155
가볍/VA,0.9749232530593872
보듬/VV,0.9748579263687134
일찍/MAG,0.9748267531394958
울부짖/VV,0.9746479988098145
섞/VV,0.974617063999176
낚/VV,0.9746031761169434
굳/VA,0.9744622707366943
별다르/VA,0.9744009375572205
격/VV,0.9743708372116089
스스로/MAG,0.9743554592132568
소중히/MAG,0.9743039011955261
이/VV,0.9741441011428833
돌려받/VV,0.9741402268409729
가까이/MAG,0.9739493131637573
직접/MAG,0.9739316701889038
상당히/MAG,0.9736434817314148
위하/VV,0.9736025929450989
다시/VV,0.9732015132904053
과감히/MAG,0.9731948375701904
흔히/MAG,0.9731922149658203
적히/VV,0.9731636643409729
아파하/VV,0.9730970859527588
돌려보내/VV,0.9729957580566406
넘/VV,0.9729141592979431
있/VV,0.9729048609733582
속하/VV,0.9728625416755676
아끼/VV,0.9727809429168701
인하/VV,0.9727798700332642
뜨겁/VA,0.9727480411529541
그만큼/MAG,0.9727436900138855
뭉개/VV,0.9726498126983643
더욱/MAG,0.9724595546722412
가두/VV,0.972244381904602
끓/VV,0.9722268581390381
크/VA,0.9720612168312073
팔리/VV,0.9719007611274719
따/VV,0.9718691110610962
완전히/MAG,0.971851646900177
내내/MAG,0.9718339443206787
더더욱/MAG,0.9717638492584229
여태/MAG,0.9716964960098267
녹/VV,0.9713493585586548
없애/VV,0.9713287949562073
대하/VV,0.9713077545166016
맨날/MAG,0.9713009595870972
다투/VV,0.9710459113121033
무/VV,0.9708155989646912
깍/VV,0.9707913398742676
연차/MAG,0.9700161218643188
순하/VA,0.9698896408081055
앞두/VV,0.9698180556297302
열리/VV,0.9698001742362976
뽑히/VV,0.9697579145431519
한참/MAG,0.9696310758590698
허덕이/VV,0.9695039391517639
깨/VV,0.9695038199424744
모두/VV,0.9694870710372925
밀리/VV,0.969482421875
모조리/MAG,0.9694314002990723
튀/VV,0.9692885875701904
어리석/VA,0.9692389369010925
방금/MAG,0.9692240357398987
일절/MAG,0.9688955545425415
굉장히/MAG,0.9685404300689697
그야/MAG,0.968323826789856
하/VA,0.968259334564209
확실히/MAG,0.9681936502456665
까지/VA,0.9681556224822998
얼/VV,0.9677858352661133
깨지/VV,0.9675807952880859
하/VV,0.9674569368362427
세/VA,0.9673518538475037
켜/VV,0.9670510292053223
때로/MAG,0.9667182564735413
들오/VV,0.9666279554367065
아무래도/MAG,0.9665685892105103
물리/VV,0.9661914110183716
통하/VV,0.9656398296356201
당당히/MAG,0.9652202129364014
마땅히/MAG,0.9652107357978821
반하/VV,0.9652059078216553
기르/VV,0.9651681184768677
혼자/MAG,0.9651532173156738
가로/MAG,0.9649394750595093
하얗/VA,0.9649083614349365
매번/MAG,0.9648957848548889
언젠가/MAG,0.9648177623748779
하여금/MAG,0.9643678665161133
넘쳐나/VV,0.9639075398445129
따라오/VV,0.9638957977294922
보태/VV,0.9637528657913208
대충대충/MAG,0.9637143611907959
놓치/VV,0.9633805751800537
낯설/VA,0.96334308385849
더럽/VA,0.9630371332168579
급격히/MAG,0.962705671787262
춥/VA,0.9626644849777222
올바르/VA,0.9626029133796692
서서히/MAG,0.9623669385910034
확/MAG,0.9622310400009155
차마/MAG,0.9621850252151489
따르/VV,0.9619985222816467
사납/VA,0.9613677859306335
태/VV,0.961316704750061
고스란히/MAG,0.9611426591873169
자연스레/MAG,0.9610233306884766
여전히/MAG,0.9604748487472534
무작정/MAG,0.9601314067840576
이리/MAG,0.9596657156944275
만든/VV,0.959506630897522
나/VA,0.9594895243644714
전부/MAG,0.9594311714172363
훔치/VV,0.9589525461196899
둘르/VV,0.9586877822875977
싫어하/VV,0.958666980266571
정하/VA,0.9586669206619263
받/VV,0.9579059481620789
하루속히/MAG,0.9574393033981323
꼽/VV,0.9572307467460632
최대한/MAG,0.956589937210083
넓히/VV,0.9565119743347168
사고파/VV,0.9564844965934753
끝내/VV,0.9556013345718384
띄/VV,0.9554807543754578
매달/MAG,0.9553832411766052
떼/VV,0.9553718566894531
의하/VV,0.9552288055419922
약하/VA,0.9551355242729187
골고루/MAG,0.9546140432357788
다소/MAG,0.9540032744407654
좀처럼/MAG,0.9539889097213745
자세히/MAG,0.953522801399231
꿇/VV,0.952643871307373
빠짐없이/MAG,0.9520862698554993
끌어올리/VV,0.9504920244216919
실제로/MAG,0.9502824544906616
상관없이/MAG,0.9501733183860779
매주/MAG,0.9501239657402039
매다/VV,0.9495526552200317
어울리/VV,0.9495434165000916
안기/VV,0.9492559432983398
저리/MAG,0.9486179351806641
높/VA,0.948536217212677
키/VV,0.9478192925453186
매달/VV,0.9477319121360779
분명/MAG,0.9472746849060059
넘/MAG,0.9466102123260498
우연히/MAG,0.9442250728607178
미리/MAG,0.9401121735572815
응당/MAG,0.9400171637535095
떨어뜨리/VV,0.9388504028320312
붙이/VV,0.9370898008346558
높히/VV,0.937089741230011
영원히/MAG,0.9365757703781128
메이/VV,0.9365214109420776
망설이/VV,0.9357622265815735
지나/VV,0.9354520440101624
정하/VV,0.9349542856216431
길르/VV,0.934855580329895
사실상/MAG,0.9329698085784912
급히/MAG,0.9316527843475342
걸어다니/VV,0.9301130771636963
어제/MAG,0.9294767379760742
살아나/VV,0.9294021129608154
거치/VV,0.9293940663337708
곱/VA,0.928363025188446
현저히/MAG,0.9254300594329834
깊이/MAG,0.9230889081954956
속/VV,0.9229971766471863
외출/MAG,0.9205065369606018
터무니없/VA,0.9187037944793701
아니하/VA,0.9182424545288086
혹/MAG,0.9180731773376465
반드시/MAG,0.9158665537834167
둥글/VA,0.9149013757705688
자연히/MAG,0.9135971069335938
맞서/VV,0.9134352207183838
쏟아부/VV,0.9123913049697876
달하/VV,0.9113657474517822
버젓이/MAG,0.9108659029006958
치솟/VV,0.9100744128227234
받아들/VV,0.909752607345581
해주/VV,0.9095363616943359
관하/VV,0.9079293608665466
아울러/MAG,0.9070152044296265
매기/VV,0.9044095873832703
우선/MAG,0.9038507342338562
팩/MAG,0.9034431576728821
불과/MAG,0.9026756286621094
짜르/VV,0.902613639831543
채/MAG,0.9000695943832397
찡/MAG,0.8956658840179443
씌우/VV,0.8926583528518677
나와/VV,0.8922494053840637
다가가/VV,0.8915177583694458
멍/MAG,0.891060471534729
현재/MAG,0.8902223110198975
널리/MAG,0.890084981918335
대폭/MAG,0.8900430798530579
진정/MAG,0.8897361755371094
때우/VV,0.8864638805389404
와/VV,0.8861445188522339
뒹굴/VV,0.8861234188079834
겁나/VV,0.8792319893836975
치밀/VV,0.8792319893836975
대략/MAG,0.8767319321632385
뱉/VV,0.8757789731025696
부담없이/MAG,0.8738399147987366
헛되/VA,0.8706801533699036
약간/MAG,0.8686420917510986
휘두르/VV,0.8675035238265991
즉시/MAG,0.8674944043159485
고작/MAG,0.8646641969680786
눈감/VV,0.8594568967819214
강력히/MAG,0.8590971231460571
열받/VV,0.8589404225349426
거스르/VV,0.8582409620285034
싱글/MAG,0.8549404740333557
냅두/VV,0.8534797430038452
나두/VV,0.8524132966995239
찌/VV,0.8517987132072449
삶/VV,0.8506775498390198
흔드/VV,0.8506484627723694
헤치/VV,0.8501772880554199
앞서/MAG,0.8490340709686279
돌아서/VV,0.8488067388534546
한하/VV,0.8487988114356995
금하/VV,0.8467789888381958
꼬이/VV,0.8451592326164246
개탄스럽/VA,0.8409377932548523
피우/VV,0.8402338027954102
배부르/VV,0.8385149240493774
욕먹/VV,0.8384480476379395
피해/VV,0.8367050886154175
기웃거리/VV,0.8363733887672424
물어보/VV,0.8352077603340149
손놓/VV,0.829635739326477
떠안/VV,0.8295658230781555
날라가/VV,0.8292853832244873
고분고분/MAG,0.8285385370254517
겁주/VV,0.8275055289268494
어럽/VA,0.8273178935050964
내뱉/VV,0.8250162601470947
들어주/VV,0.824480414390564
빠져들/VV,0.8244706392288208
배부르/VA,0.8234029412269592
머뭇거리/VV,0.8226978182792664
떠드/VV,0.8224186897277832
까다롭/VA,0.8189388513565063
관심없/VV,0.8188402652740479
박살내/VV,0.8185434341430664
지껄이/VV,0.8182414770126343
우왕좌왕/MAG,0.8181772828102112
매월/MAG,0.8180627822875977
위히/VV,0.8174983859062195
엮/VV,0.8169122338294983
눈부시/VA,0.8163086175918579
낫/VV,0.8152405619621277
쇄/MAG,0.8144360184669495
털리/VV,0.8126564025878906
허/VV,0.8108855485916138
밉/VA,0.81087726354599
깎/VV,0.8103296756744385
눈멀/VV,0.8100616335868835
떠올리/VV,0.8097338676452637
엄격히/MAG,0.8094549179077148
박히/VV,0.8094272613525391
부르짖/VV,0.8093651533126831
궂/VA,0.8093429803848267
옥죄/VV,0.8082150220870972
휘/VV,0.807440459728241
뜬금없/VA,0.807155966758728
축내/VV,0.8061538934707642
견뎌내/VV,0.8045498728752136
떠나가/VV,0.8034365177154541
우기/VV,0.8024411201477051
잘나/VA,0.8021315932273865
잊어버리/VV,0.8010258078575134
합치/VV,0.8008305430412292
쪽팔리/VV,0.8000038862228394
둘러보/VV,0.7988429069519043
들여다보/VV,0.7981129884719849
퍼주/VV,0.7979942560195923
충실하/VV,0.7963252067565918
까먹/VV,0.7961483001708984
박/VV,0.7960458993911743
뒤떨어지/VV,0.7959367036819458
쓰여지/VV,0.795741081237793
빠뜨리/VV,0.7947694063186646
따먹/VV,0.7946770191192627
넘어뜨리/VV,0.793276309967041
따갑/VA,0.7929911613464355
올라/VV,0.7918577790260315
헤어나/VV,0.791540265083313
흘려오/VV,0.7912211418151855
길들여지/VV,0.7911983132362366
임하/VV,0.7911945581436157
죽/MAG,0.7903604507446289
커/VV,0.7899360656738281
뭉치/VV,0.7890373468399048
퍼붓/VV,0.787886381149292
머물/VV,0.78746098279953
이어/MAG,0.7866472005844116
메꾸/VV,0.7862520217895508
터뜨리/VV,0.785568356513977
닦/VV,0.7854490280151367
팍팍/MAG,0.7851758003234863
물러서/VV,0.7849071621894836
멍들/VV,0.7844460606575012
자지러지/VV,0.7837651371955872
주구장창/MAG,0.7834939956665039
서둘/VV,0.78349369764328
건들/VV,0.78218013048172
덩달/VV,0.7816674709320068
후려치/VV,0.7814756631851196
등쳐먹/VV,0.7813723683357239
세워지/VV,0.7803196907043457
썰/VV,0.7799846529960632
탈탈/MAG,0.7792997360229492
놀아나/VV,0.7787119150161743
무지하/VA,0.7786920070648193
느/VV,0.7762938141822815
조이/VV,0.7761213779449463
저질르/VV,0.7756104469299316
각각/MAG,0.7753961682319641
주무시/VV,0.775171160697937
닥치/VV,0.7745388150215149
이제서야/MAG,0.7740173935890198
이르/VA,0.7739856243133545
풀려나/VV,0.7738755941390991
돋/VV,0.7735645771026611
짜내/VV,0.7724125385284424
우리/VV,0.7717073559761047
노려보/VV,0.770514726638794
분하/VA,0.7695969343185425
약해지/VV,0.7693862318992615
건드리/VV,0.7693588733673096
불나/VV,0.7691259384155273
불타/VV,0.7690389752388
맞기/VV,0.7688623666763306
벌겋/VA,0.7682418823242188
걷어차/VV,0.7675894498825073
때려잡/VV,0.7672648429870605
머/VV,0.766914427280426
내달리/VV,0.7667628526687622
쑤시/VV,0.7659376859664917
씹/VV,0.7659376859664917
거리/VV,0.7657064199447632
가져보/VV,0.7656520009040833
스/VV,0.7643784284591675
패/VV,0.7637916803359985
졸/VV,0.7637572288513184
냅/VA,0.7636570930480957
빨아먹/VV,0.7630114555358887
더디/VA,0.7626928091049194
두려워하/VV,0.7626492977142334
애타/VV,0.7619091272354126
섣부르/VA,0.761660099029541
대놓고/MAG,0.7599509358406067
토닥토닥/MAG,0.7594720721244812
몰아가/VV,0.7584248185157776
박/MAG,0.75776207447052
가로막/VV,0.7570703029632568
살짝/MAG,0.7564524412155151
주무르/VV,0.7555084228515625
어딨/VA,0.7553190588951111
부럽/VA,0.7550941705703735
말라죽/VV,0.7537227869033813
휩싸이/VV,0.7535439729690552
끼/MAG,0.7535126209259033
내던지/VV,0.7530745267868042
고맙/VV,0.7521945238113403
두고두고/MAG,0.7521935701370239
풍기/VV,0.7520176768302917
남겨지/VV,0.7518804669380188
되돌/VV,0.7518280148506165
가만/MAG,0.7516309022903442
움키/VV,0.7514987587928772
떼이/VV,0.7506346702575684
어둡/VA,0.7497844696044922
막아서/VV,0.7497761845588684
가르키/VV,0.7487879991531372
생각나/VV,0.7476253509521484
똑바로/MAG,0.7465929388999939
부서지/VV,0.7456715106964111
뒤쳐지/VV,0.744144082069397
적당히/MAG,0.7434537410736084
악물/VV,0.7422536611557007
표하/VV,0.7407866716384888
괜히/MAG,0.740511953830719
원활히/MAG,0.7403197884559631
더러워지/VV,0.7402637004852295
내팽개치/VV,0.7402637004852295
맵/VA,0.7396538257598877
되처/MAG,0.739489734172821
겨우겨우/MAG,0.7390864491462708
날리/VV,0.7387992143630981
뼈져리/VA,0.7380785942077637
요동치/VV,0.7380092740058899
논하/VV,0.7376523613929749
삼키/VV,0.7374694347381592
틀어지/VV,0.7374224066734314
빚내/VV,0.7360411882400513
곪/VV,0.735975980758667
문드러지/VV,0.735975980758667
설렁설렁/MAG,0.7345739603042603
참으/VV,0.7345424890518188
월등히/MAG,0.7344688177108765
푹/MAG,0.7343171834945679
이토록/MAG,0.733923614025116
죽여버리/VV,0.7337567806243896
끼우/VV,0.733710527420044
뺏어가/VV,0.7336412072181702
간지럽/VA,0.7334831953048706
가렵/VA,0.733483076095581
꿰매/VV,0.7334687113761902
당기/VV,0.7331251502037048
맛있/VA,0.7330417633056641
재밌/VA,0.7330334186553955
씻기/VV,0.7329052686691284
지우/VV,0.7327637672424316
빌/VV,0.7326086163520813
덥석/MAG,0.7324488162994385
근근히/MAG,0.732426643371582
밀어내/VV,0.7319633364677429
남아도/VV,0.731361985206604
뜨리/VV,0.7311476469039917
이제야/MAG,0.7303255796432495
쳐지/VV,0.7297444343566895
치키/VV,0.7295944094657898
내동댕이치/VV,0.7281656861305237
서둘르/VV,0.7280738353729248
여쭙/VV,0.7279044389724731
미어지/VV,0.7271220684051514
젖/VV,0.726492166519165
쪼개/VV,0.7262901067733765
똘똘/MAG,0.725695013999939
획기적으로/MAG,0.7255809307098389
담그/VV,0.7255450487136841
꺽/VV,0.725278913974762
놀래/VV,0.7247304916381836
그립/VA,0.7246711850166321
가르/VV,0.7237480282783508
헹구/VV,0.721951961517334
싸잡/VV,0.7218608856201172
툭하면/MAG,0.7216577529907227
다그치/VV,0.721638023853302
캄캄하/VA,0.721472978591919
당장/MAG,0.7214246988296509
못히/VV,0.721184492111206
밀려오/VV,0.7209031581878662
매달리/VV,0.7207226753234863
베/VV,0.7203305959701538
설마/MAG,0.7201608419418335
몽땅/MAG,0.7197932600975037
집어넣/VV,0.7193211317062378
우수수/MAG,0.7188436985015869
진작/MAG,0.7184149026870728
괜하/VA,0.7182621955871582
깨달/VV,0.7182388305664062
바르/VA,0.7181347608566284
헐뜯/VV,0.7179737091064453
고프/VA,0.717919647693634
짚/VV,0.7177376747131348
오죽/MAG,0.717281699180603
부풀리/VV,0.7171626091003418
땃/MAG,0.7170594334602356
몰아내/VV,0.7169040441513062
알아채/VV,0.7168030142784119
물러나/VV,0.716727614402771
간신히/MAG,0.7163901329040527
밀치/VV,0.7161166667938232
월등/MAG,0.7152382731437683
내다보/VV,0.7149525284767151
찢기/VV,0.714945912361145
일어서/VV,0.7144086360931396
정녕/MAG,0.7143173217773438
꺼지/VV,0.714002788066864
선하/VA,0.7138005495071411
불러오/VV,0.7137774229049683
터트리/VV,0.7137227058410645
보드랍/VA,0.7133402824401855
굵/VA,0.7133307456970215
놀랍/VA,0.7129679322242737
걷어가/VV,0.7129229307174683
칭칭/MAG,0.7129112482070923
들르/VV,0.7128346562385559
굳어지/VV,0.7128140926361084
닮/VV,0.71258544921875
연일/MAG,0.7124768495559692
얽히/VV,0.7116350531578064
저리/VV,0.7114916443824768
굽/VV,0.7113415598869324
저버리/VV,0.7113415598869324
휘둘리/VV,0.711007833480835
비웃/VV,0.7103816270828247
붙들/VV,0.7101495265960693
대들/VV,0.7101415395736694
나르/VV,0.710138201713562
차근차근/MAG,0.7096421718597412
빵빵거리/VV,0.709090530872345
흘러가/VV,0.7085230946540833
대충/MAG,0.7085099816322327
흥청망청/MAG,0.7085099816322327
골르/VA,0.7076292037963867
잠재우/VV,0.7074844837188721
숨죽이/VV,0.7073571681976318
꼬집/VV,0.707302451133728
거울삼/VV,0.7072479128837585
손대/VV,0.707024872303009
꼬박/MAG,0.7060492634773254
투기/VV,0.7060327529907227
아니/MAG,0.7056239247322083
어려워지/VV,0.7055334448814392
농사짓/VV,0.7054105401039124
외우/VV,0.7048546075820923
다스리/VV,0.7048113346099854
돌이키/VV,0.7046784162521362
들이박/VV,0.7045646905899048
흩어지/VV,0.7045488357543945
택하/VV,0.7044939994812012
뚫리/VV,0.7034680247306824
서슴/VV,0.7033249735832214
진중히/MAG,0.7032608985900879
소리치/VV,0.703148603439331
어처구니없/VA,0.7031257152557373
어설프/VA,0.7031256556510925
틀리/VA,0.7030609846115112
새빨갛/VA,0.7023917436599731
쫓겨나/VV,0.7022687196731567
동떨어지/VA,0.7015218734741211
걷잡/VV,0.7007541656494141
놀리/VV,0.7006727457046509
꺼/MAG,0.7002285718917847
꿰뚫/VV,0.7001247406005859
어짜피/MAG,0.69991534948349
알맞/VA,0.6998810172080994
떨리/VV,0.6995987892150879
사로잡히/VV,0.699394702911377
오래/VA,0.6992655396461487
몰아넣/VV,0.6988188028335571
악하/VA,0.6987362504005432
뒤늦/VA,0.6987199783325195
애꿎/VA,0.6982935070991516
눈치보/VV,0.698291540145874
족히/MAG,0.6981047987937927
모여서/VV,0.6979458332061768
태오/VV,0.6977583765983582
밤낮없이/MAG,0.6976817846298218
내보/VV,0.6976451873779297
쓸어가/VV,0.697575569152832
놨두/VV,0.6975016593933105
서이/VA,0.6971849203109741
팔아먹/VV,0.6971043348312378
꼬박꼬박/MAG,0.6969696283340454
매장/MAG,0.6968249082565308
뒤돌/VV,0.6967626810073853
밀어주/VV,0.6955687403678894
치루/VV,0.6953834295272827
덧붙/VV,0.6951433420181274
뵙/VV,0.6949630975723267
빨/VV,0.6947946548461914
배불리/VV,0.6945710182189941
따끔/MAG,0.6944692730903625
쩔쩔/MAG,0.6944692730903625
쿵/MAG,0.6943042278289795
찌들/VV,0.6940295696258545
뜻대로/MAG,0.6936833262443542
부딪치/VV,0.693321704864502
괴로워하/VV,0.6925010681152344
구르/VV,0.6924874186515808
심히/MAG,0.6924023628234863
생각없이/MAG,0.6919330358505249
춤추/VV,0.6918073892593384
절로/MAG,0.6917365789413452
쓸/VV,0.6915445327758789
조아리/VV,0.6915265321731567
도망다니/VV,0.6913419961929321
건지/VV,0.6912810802459717
넘어지/VV,0.6910653114318848
무너뜨리/VV,0.6909787654876709
지켜내/VV,0.6900641918182373
아무쪼록/MAG,0.6896916627883911
볼록/MAG,0.6894313097000122
오목/MAG,0.6892706155776978
잊혀지/VV,0.6886905431747437
붐비/VV,0.6886803507804871
빠트리/VV,0.6885247230529785
보여주/VV,0.6884638071060181
혼내/VV,0.688413143157959
서글프/VA,0.6883251667022705
쪼들리/VV,0.6881729364395142
실리/VV,0.6879450082778931
칩/VA,0.6875545382499695
기다려오/VV,0.6872890591621399
손잡/VV,0.6864113211631775
곱하/VV,0.6862972378730774
가누/VV,0.6862202286720276
걸오/VV,0.6860538721084595
앉히/VV,0.686044454574585
미끄러지/VV,0.6857398748397827
싹/MAG,0.6854497790336609
흔들리/VV,0.6854250431060791
꺾/VV,0.6852344274520874
흉하/VA,0.684942364692688
우울하/VV,0.6847957968711853
한탄스럽/VA,0.6839241981506348
까보/VV,0.6838006973266602
마음먹/VV,0.6837355494499207
갈르/VV,0.6835600137710571
갈아입/VV,0.6833012104034424
빨르/VA,0.6827244758605957
솎/VV,0.6825011968612671
무덥/VA,0.6821091175079346
대처/MAG,0.6819911599159241
빠/VV,0.6817984580993652
발맞추/VV,0.6814641952514648
쫓/VV,0.6813348531723022
쳐넣/VV,0.6813110113143921
날로/MAG,0.681086540222168
피어나/VV,0.6810821294784546
편들/VV,0.6810420155525208
물러가/VV,0.6809470653533936
누우/VV,0.6809147596359253
불어나/VV,0.6806871891021729
달구/VV,0.6803244352340698
속상하/VV,0.6802959442138672
밀어부치/VV,0.6798029541969299
감기/VV,0.6797947883605957
박이/VV,0.679563045501709
되려/MAG,0.6792589426040649
캐/VV,0.6792396306991577
떵떵거리/VV,0.6789552569389343
끙끙/MAG,0.6788251399993896
업/VA,0.6785358786582947
녹이/VV,0.6785156726837158
쫒겨나/VV,0.6785110235214233
늘어지/VV,0.678452730178833
머무르/VV,0.678269624710083
덜덜/MAG,0.6780965924263
뚫/VV,0.6780816316604614
갈기갈기/MAG,0.6775190830230713
들려오/VV,0.6769918203353882
딸리/VV,0.6764252185821533
마주치/VV,0.6762601137161255
죄이/VV,0.6762099862098694
덤비/VV,0.6762099862098694
갈구/VV,0.6759077310562134
짊/VV,0.675715446472168
쿵쿵/MAG,0.6755342483520508
몸담/VV,0.675323486328125
사기/VV,0.6744122505187988
재수없/VA,0.6738995313644409
고하/VV,0.6737533807754517
거슬리/VV,0.67371666431427
깍아내리/VV,0.673682451248169
깎아내리/VV,0.673682451248169
조마조마/MAG,0.6736623644828796
쪼/MAG,0.6736623644828796
멀리서/MAG,0.6730633974075317
짖밟히/VV,0.6728893518447876
들여오/VV,0.6728555560112
솟/VV,0.6728423833847046
빼먹/VV,0.6728023290634155
이래저래/MAG,0.6727232933044434
빌미삼/VV,0.6726722717285156
비뚤어지/VV,0.6722621917724609
빠져나가/VV,0.672078549861908
신중히/MAG,0.6719934940338135
치우쳐지/VV,0.6717489957809448
얼토당토/MAG,0.6716570258140564
쪼이/VV,0.6714314818382263
굳건히/MAG,0.671038031578064
버금가/VV,0.6705069541931152
두렵/VV,0.6704950928688049
장차/MAG,0.67046058177948
갈팡질팡/MAG,0.6703873872756958
노랗/VA,0.6703287959098816
데우/VV,0.6702954173088074
형편없/VA,0.670179545879364
깃들/VV,0.6701428294181824
어떻하/VA,0.6701078414916992
철없/VA,0.6700136065483093
노/VV,0.669797420501709
굽신굽신/MAG,0.6696925163269043
트이/VV,0.6694060564041138
진하/VA,0.6693217754364014
꽝/MAG,0.669287919998169
들이밀/VV,0.6682083606719971
불어넣/VV,0.6680434942245483
폭넓/VA,0.6679471731185913
처먹/VV,0.6679447889328003
달려가/VV,0.6679301857948303
모/VV,0.6678118705749512
몸부림치/VV,0.667588472366333
걸맞/VA,0.6672604084014893
온다가/VV,0.6669201254844666
되돌아가/VV,0.6668416261672974
갓/MAG,0.6667606234550476
들여보내/VV,0.6666622757911682
짤르/VV,0.6666403412818909
이릏/VA,0.6663488149642944
둘러싸/VV,0.666179895401001
비오/VV,0.6661598682403564
정중히/MAG,0.6660531759262085
푸르르/VA,0.6660018563270569
진정하/VA,0.6658133268356323
댕기/VV,0.665686845779419
도지/VV,0.6652840375900269
긁/VV,0.6650463938713074
비비/VV,0.6647765040397644
구/VV,0.6647427082061768
한발/MAG,0.6642574667930603
맛보/VV,0.6639126539230347
달라붙/VV,0.6637569665908813
메스껍/VA,0.6634508967399597
매맞/VV,0.6633045077323914
약올리/VV,0.6632387638092041
잡아가/VV,0.663071870803833
짖밟/VV,0.6629365682601929
비치/VV,0.6624314785003662
그지없/VA,0.6623444557189941
집어치우/VV,0.6621370911598206
여러모로/MAG,0.6619358658790588
번지/VV,0.6618285775184631
도려내/VV,0.6618258357048035
거꾸로/MAG,0.6617424488067627
글르/VA,0.6616669297218323
늘이/VV,0.6616460084915161
불러일으키/VV,0.6608754396438599
벗기/VV,0.6607965230941772
해오/VV,0.6607372760772705
휘둘/VV,0.6605445146560669
덮치/VV,0.6604318618774414
졸리/VV,0.6603834629058838
채/VV,0.6602340936660767
엎/VV,0.6602115035057068
범하/VV,0.6601266860961914
탁하/VA,0.6600836515426636
희뿌옇/VA,0.6598718166351318
둥둥/MAG,0.6594429612159729
빚지/VV,0.6592695713043213
싹싹/MAG,0.6592175960540771
툭/MAG,0.6591137051582336
윽박지르/VV,0.6590079069137573
내뿜/VV,0.6589459776878357
대놓/VV,0.658915638923645
끊기/VV,0.6587820649147034
벌어들이/VV,0.6585182547569275
두껍/VV,0.6584862470626831
흘르/VV,0.6584732532501221
건네/VV,0.6582639217376709
눈물겹/VA,0.6582272052764893
키워오/VV,0.6582192182540894
쩔/VV,0.6581037044525146
억/VV,0.6580286026000977
달아나/VV,0.6579247117042542
얼어붙/VV,0.6576404571533203
붇/VV,0.6574908494949341
부여잡/VV,0.6573891043663025
굴리/VV,0.6573089361190796
깨끗히/MAG,0.6572677493095398
켜지/VV,0.6571834087371826
미/VV,0.6569997072219849
하나같이/MAG,0.6568179130554199
아낌없이/MAG,0.6566986441612244
힘없이/MAG,0.6566585302352905
껄/VV,0.6566023826599121
뒤따르/VV,0.6564813852310181
아물/VV,0.6564090847969055
이끄/VV,0.6562469601631165
존나/MAG,0.6561915278434753
오락가락/MAG,0.6561549305915833
쫓기/VV,0.656082808971405
삐끗/MAG,0.6560444235801697
더우/VA,0.6559309363365173
마르/VA,0.6554778218269348
퍼부/VV,0.6553500890731812
해맑/VA,0.6553081274032593
쫌/MAG,0.6552914381027222
끼얹/VV,0.6550537943840027
주물르/VV,0.6549791097640991
날아다니/VV,0.6548328399658203
집어던지/VV,0.6547384858131409
토막내/VV,0.6544262170791626
따가/VV,0.6543437242507935
기우/VV,0.6538777947425842
휩쓸리/VV,0.6536655426025391
올려놓/VV,0.6535428762435913
이롭/VA,0.6535281538963318
뿜/VV,0.6534310579299927
엉엉/MAG,0.6531458497047424
까지/VV,0.6530464291572571
갑작스럽/VA,0.6530154943466187
울먹이/VV,0.6527281999588013
벌어/VV,0.6526525616645813
차일피일/MAG,0.6526499390602112
눈물나/VV,0.6525935530662537
툭툭/MAG,0.6525753140449524
각자/MAG,0.6524224281311035
어쨋든/MAG,0.652387261390686
물들/VV,0.6523600816726685
말아먹/VV,0.6523202657699585
배째/VV,0.6521984934806824
뵈/VV,0.6521344184875488
과하/VV,0.6521344184875488
일제히/MAG,0.6520934700965881
이겨내/VV,0.6520841121673584
지시/VV,0.6520634293556213
노르/VA,0.6518248319625854
급속히/MAG,0.6517735123634338
지겹/VA,0.6515915393829346
휘말리/VV,0.6514590382575989
크나크/VA,0.6514272689819336
뻑뻑/MAG,0.6513767242431641
어지럽/VA,0.6511662006378174
찻/VV,0.6511107683181763
뿌리깊/VA,0.6509654521942139
퍼지/VV,0.6506694555282593
그르/VV,0.6506572961807251
삼가하/VV,0.6504367589950562
질까보/VV,0.6504243612289429
뿌/VV,0.6501970291137695
설레/VV,0.6497272849082947
긁어내/VV,0.6497056484222412
띵/MAG,0.6496580243110657
올라타/VV,0.6495857834815979
달르/VV,0.6495242118835449
감싸/VV,0.6493558883666992
귀기울이/VV,0.6493390798568726
깨우/VV,0.6493180394172668
타오르/VV,0.649256706237793
불리우/VV,0.6490770578384399
찌그러지/VV,0.6490347981452942
될까보/VV,0.6490072011947632
거이/MAG,0.6486620903015137
똑똑히/MAG,0.6486470699310303
투/MAG,0.6486332416534424
거지/VV,0.6482353806495667
휘청/MAG,0.6480523347854614
남겨두/VV,0.6480447053909302
중하/VA,0.6478977203369141
밤새/VV,0.6477012038230896
흉보/VV,0.6474242210388184
끓이/VV,0.6472133994102478
쌩/MAG,0.6472113728523254
쩔쩔매/VV,0.6471067070960999
달려드/VV,0.646930456161499
기죽/VV,0.6466542482376099
꽁/MAG,0.646411657333374
질러대/VV,0.6463865041732788
티/VV,0.6463402509689331
두루/MAG,0.6462720036506653
밀어붙이/VV,0.6462602019309998
터/VV,0.6459725499153137
맞닥뜨리/VV,0.645963728427887
기차/VA,0.6453533172607422
산산히/MAG,0.6452027559280396
장보/VV,0.6451314687728882
작아지/VV,0.6442885994911194
거세/VA,0.6442221403121948
내쫓기/VV,0.6440417170524597
철렁/MAG,0.6436268091201782
낙인찍히/VV,0.6434284448623657
역/MAG,0.6434131264686584
타들/VV,0.6434068083763123
축이/VV,0.6433700919151306
아퍼/VA,0.6432615518569946
붉/VA,0.643234133720398
썩어빠지/VV,0.6431547403335571
가만두/VV,0.6430444717407227
짤리/VV,0.6428183317184448
얇/VA,0.642775297164917
언짢/VA,0.6426702737808228
이만큼/MAG,0.6423792243003845
뻗치/VV,0.6420332193374634
노리/VV,0.6419969797134399
섬기/VV,0.6419731974601746
불안해하/VV,0.6417521834373474
대주/VV,0.6416898965835571
본받/VV,0.6416305303573608
다/VV,0.6414364576339722
게으르/VA,0.6414117813110352
긁히/VV,0.6414026618003845
떠오르/VV,0.6413995623588562
한없이/MAG,0.6413870453834534
들끓/VV,0.6412649154663086
뉘우치/VV,0.6412039995193481
되물/VV,0.6410715579986572
어떠/VV,0.640963077545166
따내/VV,0.6407080888748169
낙인찍/VV,0.6405714154243469
굴러가/VV,0.6404436230659485
졸라매/VV,0.6402215957641602
찔리/VV,0.639796257019043
실제/MAG,0.6397939920425415
쭉/MAG,0.6397707462310791
자빠지/VV,0.6397214531898499
몰려드/VV,0.6397001147270203
허우적이/VV,0.6396850943565369
벌어먹/VV,0.6394972801208496
날아가/VV,0.6391960382461548
움켜잡/VV,0.6390870809555054
절실히/MAG,0.6388338804244995
두서없/VA,0.6387975811958313
일궈내/VV,0.638788104057312
주저앉/VV,0.6387785077095032
꺼/VV,0.6385905742645264
목숨걸/VV,0.6385089159011841
후비/VV,0.6384317874908447
화내/VV,0.6384316682815552
나무라/VV,0.6382225751876831
헤메/VV,0.6381321549415588
떠넘기/VV,0.6380412578582764
합/MAG,0.6379870772361755
못사/VV,0.6378282904624939
나돌/VV,0.637763500213623
오래가/VV,0.6376634240150452
가없/VA,0.6375395059585571
부르짓/VV,0.6375000476837158
닥/MAG,0.6373850703239441
데치/VV,0.6373693943023682
베풀/VV,0.6371420621871948
내밀/VV,0.6371052265167236
세워주/VV,0.6367727518081665
싸오/VV,0.6367491483688354
등지/VV,0.6366640329360962
짙/VA,0.6366068124771118
엎드리/VV,0.6365950107574463
퉁/MAG,0.6365913152694702
짓밟히/VV,0.636235237121582
부들부들/MAG,0.6362159252166748
뛰어내리/VV,0.6361545324325562
느낌/MAG,0.6358432173728943
쪼/VV,0.6355741620063782
고의로/MAG,0.6353463530540466
끌어들이/VV,0.6351855993270874
우르르/MAG,0.6351749897003174
앞세우/VV,0.6347284317016602
들이받/VV,0.6345757246017456
나올/VV,0.6345350742340088
싸그리/MAG,0.6342877149581909
소신껏/MAG,0.634028434753418
졸이/VV,0.6339690685272217
녹슬/VV,0.6338613629341125
당분간/MAG,0.6337714195251465
정신없이/MAG,0.6336709856987
동동/MAG,0.6336502432823181
부시/VV,0.633579671382904
어떠/VA,0.633578896522522
얼룩지/VV,0.6332492828369141
차디차/VA,0.6330832242965698
안절부절/MAG,0.633017897605896
지극히/MAG,0.6328557133674622
힘주/VV,0.6328003406524658
잠자/VV,0.6327618360519409
큰소리치/VV,0.632643461227417
펼쳐지/VV,0.6325122117996216
이리저리/MAG,0.6324874758720398
뛰어오/VV,0.6324692964553833
서툴/VA,0.632401168346405
불르/VV,0.6323786973953247
쫄/VV,0.63236403465271
왠지/MAG,0.6322225332260132
오르내리/VV,0.6319687962532043
살오/VV,0.6319143176078796
뻔하/VV,0.6318049430847168
낮/MAG,0.6317909359931946
못나/VA,0.6316044926643372
깨트리/VV,0.6315972805023193
나뒹구/VV,0.6313539743423462
필히/MAG,0.6310677528381348
내쉬/VV,0.630759596824646
삐/VV,0.6306982040405273
달래/VV,0.6304827928543091
싸대/VV,0.6303062438964844
역하/VA,0.6298192739486694
파하/VV,0.6296097040176392
쿵쿵거리/VV,0.6295451521873474
끝내/MAG,0.6288338303565979
파랗/VA,0.6287984251976013
치닫/VV,0.628672182559967
헹/MAG,0.6286349296569824
반듯이/MAG,0.6286294460296631
뼈저리/VA,0.6284879446029663
꼬/VV,0.6282660961151123
환하/VA,0.6281678080558777
에/VV,0.6280865669250488
귀담/VV,0.6278603672981262
여겨지/VV,0.627845048904419
바라지/VV,0.6278393268585205
타들어가/VV,0.6277828812599182
가시/VV,0.6274427175521851
텅/MAG,0.6274054646492004
겁먹/VV,0.6274034976959229
그라/VV,0.6273716688156128
친하/VV,0.6271837949752808
깨끗이/MAG,0.6271827220916748
머금/VV,0.627090334892273
얼버무리/VV,0.6269549131393433
얻어맞/VV,0.626693069934845
꼬시/VV,0.6266383528709412
모처럼/MAG,0.6265539526939392
가히/MAG,0.6264820694923401
다시금/MAG,0.6264815926551819
쫓아내/VV,0.6264702677726746
떠벌리/VV,0.6263530850410461
뻗/VV,0.6263378858566284
조/VV,0.6262683868408203
돌아/VV,0.6262514591217041
마주/MAG,0.6262489557266235
고되/VA,0.626130223274231
눌리/VV,0.6260460019111633
따박따박/MAG,0.6260040998458862
살맛나/VV,0.6257847547531128
허겁지겁/MAG,0.625777006149292
다물/VV,0.625569224357605
단호히/MAG,0.6254100799560547
흘러나오/VV,0.6253687739372253
자랑스레/MAG,0.6253412365913391
식/VV,0.6252983808517456
가져다주/VV,0.6251697540283203
아우성치/VV,0.625065267086029
멋지/VA,0.6250486373901367
너도나도/MAG,0.6247571706771851
두르/VV,0.6247541308403015
속속/MAG,0.6244297027587891
너그럽/VA,0.624306321144104
되새기/VV,0.6242794394493103
판치/VV,0.6242575645446777
그럴싸하/VA,0.62415611743927
비/VA,0.624154269695282
망가뜨리/VV,0.6240103244781494
서슴없이/MAG,0.6239920854568481
펴지/VV,0.6239891052246094
들추/VV,0.6236753463745117
깡그리/MAG,0.6235967874526978
맞춰오/VV,0.6233021020889282
비키/VV,0.6231951713562012
일컫/VV,0.6231076121330261
걸어가/VV,0.623009204864502
단정짓/VV,0.6229702830314636
사과드리/VV,0.622959554195404
가리키/VV,0.6229093074798584
재우/VV,0.622869610786438
말없이/MAG,0.6227701306343079
누르/VV,0.6227608323097229
불/VV,0.622746467590332
지긋지긋/MAG,0.6224348545074463
모질/VA,0.6221624612808228
인제/MAG,0.6220676898956299
어르/VV,0.6219595074653625
까이/VV,0.621956467628479
천연/MAG,0.6218797564506531
여지껏/MAG,0.6218297481536865
뛰어가/VV,0.6217095851898193
볶/VV,0.6216879487037659
빼돌리/VV,0.6216637492179871
틀림없/VA,0.6215728521347046
마무리/MAG,0.6213719248771667
딱히/MAG,0.6213703155517578
이루/MAG,0.621263325214386
시급히/MAG,0.6212183237075806
근근이/MAG,0.6211651563644409
널부러지/VV,0.6211624145507812
엄중히/MAG,0.6211563348770142
맞바꾸/VV,0.6211552619934082
접어들/VV,0.6210803985595703
물르/VV,0.6208735704421997
매섭/VA,0.6208599805831909
추리/VV,0.620851993560791
저쩌/VV,0.6207319498062134
자아내/VV,0.620718240737915
아직껏/MAG,0.6205970048904419
작살내/VV,0.6204837560653687
빚/VV,0.6204401254653931
가려지/VV,0.6202265024185181
손쓰/VV,0.6201549768447876
잣/VV,0.6199287176132202
짜깁/VV,0.6198352575302124
얹히/VV,0.6197553873062134
샤워실/MAG,0.6195868849754333
잡아내/VV,0.6195051074028015
헐/VV,0.6194555163383484
독하/VA,0.6193604469299316
시리/VA,0.6193309426307678
뛰어들/VV,0.6192413568496704
내치/VV,0.6190166473388672
듬/VV,0.6187788248062134
점점점/MAG,0.6186316013336182
업신여기/VV,0.6185083985328674
뿌옇/VA,0.6184760332107544
설익/VV,0.6184496283531189
싸지/VV,0.6182971000671387
떨어트리/VV,0.618017852306366
널브러지/VV,0.6179786920547485
썩히/VV,0.6171301603317261
깨어나/VV,0.6171103715896606
찡그리/VV,0.6171088218688965
펑펑/MAG,0.617089033126831
빡세/VA,0.6169763803482056
처참히/MAG,0.6168746948242188
해야하/VV,0.6167980432510376
다듬/VV,0.6164304614067078
내쫓/VV,0.6162896752357483
살살/MAG,0.6162165403366089
축/MAG,0.615973949432373
냄새나/VV,0.6157751679420471
휘청거리/VV,0.6156495213508606
무턱대고/MAG,0.6156494617462158
청하/VV,0.6155526638031006
허물/VV,0.6154879927635193
먹여살리/VV,0.6153538227081299
퍼넣/VV,0.615219235420227
처맞/VV,0.6149692535400391
완전/MAG,0.6149536371231079
맛나/VA,0.6149381995201111
거들뜨/VV,0.6149165034294128
들어/VV,0.6145956516265869
나뉘/VV,0.6145811080932617
새우/VV,0.6144425868988037
엿같/VA,0.6144207119941711
연이/VV,0.6139217615127563
누르/VA,0.6139199733734131
널/VV,0.6137763261795044
마저/MAG,0.6137284636497498
꼭꼭/MAG,0.61365807056427
눈치채/VV,0.6135949492454529
멍하/VV,0.6134946346282959
안녕히/MAG,0.6133003830909729
흐지부지/MAG,0.6132668852806091
처다보/VV,0.6130672693252563
처박히/VV,0.6129262447357178
도우/VV,0.6129190921783447
흐리/VA,0.6128870248794556
빨랑/MAG,0.6128785014152527
도리/VV,0.612865149974823
꾸짓/VV,0.6127160787582397
알아듣/VV,0.6127070188522339
뛰어넘/VV,0.612693727016449
가버리/VV,0.6125879287719727
벼르/VV,0.6123543977737427
빙빙/MAG,0.6120548248291016
뼈아프/VA,0.6120522022247314
감추/VV,0.6120304465293884
밤늦/VA,0.6119982004165649
낡/VA,0.6119661331176758
낱낱이/MAG,0.6117645502090454
발벗고/MAG,0.6116206645965576
둘째치/VV,0.6115546822547913
한꺼번에/MAG,0.6111846566200256
활발히/MAG,0.6111372709274292
엉키/VV,0.6110681295394897
징징/MAG,0.6110097169876099
쩝쩝/MAG,0.6110097169876099
광내/VV,0.6109671592712402
앞질르/VV,0.6106176376342773
올라서/VV,0.6105066537857056
해버리/VV,0.6104604005813599
부러지/VV,0.6104034185409546
맞대/VV,0.6102941036224365
무리지/VV,0.610222578048706
풀풀/MAG,0.610029935836792
붉히/VV,0.609772801399231
무심코/MAG,0.609668493270874
갓/VA,0.6095196604728699
희망차/VA,0.609378457069397
쏠리/VV,0.609253466129303
다지/VV,0.6092437505722046
꾸역꾸역/MAG,0.609082043170929
준하/VV,0.6090092658996582
떵떵/MAG,0.6086983680725098
커가/VV,0.608578622341156
아깝/VV,0.6084567308425903
거듭나/VV,0.6083446741104126
아리/VA,0.6083070039749146
징그럽/VA,0.6083070039749146
지나오/VV,0.6082859039306641
내모/VV,0.6081976890563965
떠밀/VV,0.6080918312072754
찌뿌리/VV,0.6079712510108948
빗대/VV,0.6078618764877319
싱싱/MAG,0.6078516840934753
밤낮/MAG,0.6077150106430054
끼어들/VV,0.6076937913894653
삭히/VV,0.6076205968856812
즐거워하/VV,0.6074758768081665
흐리/VV,0.6068211793899536
굴하/VV,0.6065738797187805
추오/VV,0.6065464615821838
메우/VV,0.6065124273300171
타이르/VV,0.6063417196273804
해내/VV,0.6062711477279663
괴/VV,0.6062382459640503
맴돌/VV,0.6061870455741882
딛/VV,0.6061730980873108
숨막히/VV,0.6061359643936157
날르/VV,0.6059190034866333
꺼주/VV,0.6058975458145142
어질/VA,0.6058720350265503
신나/VV,0.605841875076294
교감/VV,0.605583131313324
저리/VA,0.6055723428726196
미워하/VV,0.6055430769920349
기어다니/VV,0.6055135726928711
자나/VV,0.6054776310920715
빼들/VV,0.6054523587226868
잠들/VV,0.6054103374481201
손해나/VV,0.605298638343811
놉/VA,0.6050893068313599
깜빡이/VV,0.6049966216087341
체하/VV,0.6049416065216064
번드르르/MAG,0.6047471761703491
맛없/VA,0.6045910716056824
새기/VV,0.6045271754264832
갈라지/VV,0.6044586896896362
했잖않/VV,0.6044512987136841
멋있/VA,0.6042991280555725
베끼/VV,0.6042699813842773
재하/VV,0.604184627532959
해롭/VA,0.6041749715805054
억누르/VV,0.6041488647460938
몰아세우/VV,0.6041488647460938
가득차/VA,0.6038492918014526
놔주/VV,0.603797972202301
뛰어나/VA,0.6037217378616333
띠/VV,0.6036196947097778
키워지/VV,0.6036017537117004
건너가/VV,0.6035982966423035
얼빠지/VV,0.6032832860946655
살르/VV,0.6032292246818542
몹시/MAG,0.6031804084777832
뽀/MAG,0.6031652688980103
꼴리/VV,0.6030861735343933
발가벗기/VV,0.6030793786048889
튕겨지/VV,0.6030658483505249
베푸/VV,0.6030088663101196
문지르/VV,0.6025038957595825
심심찮/VA,0.60246342420578
곧바로/MAG,0.6023564338684082
피나/VV,0.6022585034370422
드러/VV,0.60205078125
도데체/MAG,0.602003812789917
굽히/VV,0.6019552946090698
무디/VA,0.6019274592399597
깜작/MAG,0.6018490791320801
벌개지/VV,0.6018142104148865
부시/VA,0.6015883088111877
사귀/VV,0.6015586853027344
참되/VA,0.6014352440834045
온전히/MAG,0.6013514399528503
째/VV,0.6012455821037292
부축이/VV,0.6012014150619507
붙히/VV,0.6010451316833496
활기차/VA,0.6008582711219788
뜯어먹/VV,0.6007422208786011
몰려가/VV,0.6006765961647034
지나치/VV,0.6006032228469849
퉁퉁/MAG,0.6004871726036072
훌쩍/MAG,0.600411593914032
빌붙/VV,0.5997620820999146
그만하/VV,0.599704384803772
편안히/MAG,0.5997022390365601
생판/MAG,0.5995322465896606
쳐들/VV,0.5995310544967651
떨구/VV,0.5994669198989868
쫒기/VV,0.5993286967277527
털어놓/VV,0.5993072986602783
등치/VV,0.5991576910018921
관두/VV,0.5990440249443054
기하/VV,0.5988872051239014
올/VV,0.5988340973854065
훨/MAG,0.5987880825996399
마음놓/VV,0.5987768173217773
솟구치/VV,0.5986400842666626
줄줄/MAG,0.5986011028289795
대가/VV,0.598515510559082
곧장/MAG,0.5984565019607544
강하/VV,0.5983593463897705
저라/VV,0.5981648564338684
끌어내리/VV,0.5980597138404846
늘어놓/VV,0.5980303287506104
빨/VA,0.5980192422866821
슬슬/MAG,0.59791100025177
스며들/VV,0.5978510975837708
누렇/VA,0.5978198647499084
몰아주/VV,0.5977164506912231
활활/MAG,0.5976603031158447
잘라버리/VV,0.5976266860961914
뿌리치/VV,0.5973250865936279
뜯기/VV,0.5972498655319214
켕기/VV,0.5971050262451172
떠맡/VV,0.5970901846885681
힘차/VA,0.5969585180282593
아둥바둥/MAG,0.596916913986206
이왕/MAG,0.596899151802063
옥신각신/MAG,0.5967983603477478
왕창/MAG,0.596743643283844
침뱉/VV,0.5967413783073425
썪/VV,0.5966860055923462
다달이/MAG,0.5965580940246582
불러들이/VV,0.5964469313621521
까맣/VA,0.5964394807815552
뒤따라오/VV,0.5963715314865112
제치/VV,0.5963160991668701
빗발치/VV,0.5961377620697021
돌려놓/VV,0.5959357023239136
가져가/VV,0.5959028005599976
쓸데없이/MAG,0.5959001183509827
속절없이/MAG,0.5959001183509827
부딪히/VV,0.5958611965179443
뀌/VV,0.5958396792411804
고달프/VA,0.5955917239189148
연신/MAG,0.5955777764320374
식/MAG,0.595564603805542
세차/VA,0.5955274105072021
져버리/VV,0.595488965511322
험하/VA,0.5952925682067871
닳/VV,0.5952755808830261
벌렁/MAG,0.5951547026634216
할퀴/VV,0.5951153635978699
값비싸/VA,0.5950933694839478
꾀부리/VV,0.5950708985328674
그릏/VA,0.5950072407722473
들려주/VV,0.5949888825416565
꽉/MAG,0.5948438048362732
몬/MAG,0.5944111347198486
되살리/VV,0.5943450331687927
조폭/MAG,0.594310998916626
몰려들/VV,0.5941806435585022
이뤄내/VV,0.5941003561019897
유별나/VA,0.5938502550125122
꺼려지/VV,0.5936980247497559
날카롭/VA,0.5934908986091614
기뻐하/VV,0.5933284163475037
막다르/VA,0.593254566192627
숱하/VA,0.5932432413101196
결리/VV,0.593181848526001
빨리/VV,0.5931090116500854
온통/MAG,0.5930720567703247
실상/MAG,0.5926656126976013
갖춰지/VV,0.592634916305542
곤두박/VV,0.5926325917243958
조지/VV,0.5925544500350952
울고불/VV,0.5925452709197998
쪽/MAG,0.592511773109436
어/VV,0.5923776626586914
조르/VV,0.5923066735267639
문제없/VA,0.5922925472259521
휩싸/VV,0.5921941995620728
나앉/VV,0.5917819738388062
아니하/VV,0.5916528105735779
값지/VA,0.5915586948394775
시퍼렇/VA,0.591367244720459
죽어나/VV,0.5912724137306213
꺾이/VV,0.5912290811538696
고래고래/MAG,0.5911866426467896
내리찍/VV,0.5911195278167725
구구절절/MAG,0.5910820960998535
킹/MAG,0.5909500122070312
한평생/MAG,0.5909473896026611
빨리빨리/MAG,0.5909304618835449
베어내/VV,0.5907686948776245
좇/VV,0.5907199382781982
검붉/VA,0.5906801223754883
부풀/VV,0.5905380249023438
맘껏/MAG,0.5905200242996216
번쩍/MAG,0.5904701352119446
가라앉/VV,0.5904483199119568
거/VV,0.5904400944709778
행여/MAG,0.5903193354606628
녀/VV,0.5902998447418213
들들/MAG,0.5902846455574036
터무니없이/MAG,0.5902343392372131
공연히/MAG,0.5902342796325684
드러눕/VV,0.5901902318000793
단정지/VV,0.5901582837104797
그리워하/VV,0.5900911092758179
부랴부랴/MAG,0.5900669097900391
따돌리/VV,0.5900605916976929
피맺히/VV,0.5900484323501587
끝없이/MAG,0.5900112390518188
당당/MAG,0.5896289348602295
욕보이/VV,0.5894713401794434
욕심내/VV,0.5893263220787048
덜하/VV,0.5891684889793396
간간히/MAG,0.5889701843261719
뒤흔드/VV,0.5888522267341614
들먹이/VV,0.5888309478759766
튕기/VV,0.5885024070739746
베이/VV,0.5884392261505127
우짜/VV,0.5884225368499756
들이대/VV,0.5882977247238159
벌거벗/VV,0.58818519115448
천천히/MAG,0.5881537795066833
다녀가/VV,0.5879901647567749
알아들/VV,0.5879783630371094
쉽사리/MAG,0.5879271626472473
재/VV,0.5874204635620117
걷히/VV,0.5873385667800903
째려보/VV,0.5872671604156494
눌르/VV,0.587134599685669
꾸미/VV,0.5870829820632935
엮이/VV,0.58699631690979
튀기/VV,0.5869788527488708
기껏/MAG,0.5867994427680969
꾹/MAG,0.5866481065750122
넘어서/VV,0.5865726470947266
값싸/VA,0.5864710807800293
기꺼이/MAG,0.5863454341888428
빼내/VV,0.5863082408905029
착실히/MAG,0.586280345916748
두껍/VA,0.5861599445343018
미끄럽/VA,0.5860352516174316
야하/VA,0.5860239863395691
뜯어내/VV,0.5860185623168945
나대/VV,0.5859339833259583
쫓아오/VV,0.5857585668563843
조여오/VV,0.5857383012771606
떼쓰/VV,0.5856678485870361
땡기/VV,0.585647702217102
굽신거리/VV,0.585565984249115
드디어/MAG,0.5854917764663696
내리치/VV,0.5854799151420593
쳐내/VV,0.5853537321090698
석연찮/VA,0.5853028297424316
따라다니/VV,0.5852288007736206
쬐/VV,0.5852257013320923
봐주/VV,0.5850369930267334
뒤로하/VV,0.5849871635437012
드럽/VA,0.5848386287689209
까놓/VV,0.5847263336181641
알려주/VV,0.584655225276947
완벽히/MAG,0.5844184756278992
비틀/VV,0.5843935012817383
성하/VA,0.5843350887298584
뒤처지/VV,0.5837749242782593
꼽히/VV,0.5835373401641846
아쉽/VV,0.5835286378860474
몰아붙이/VV,0.5834358334541321
어찌나/MAG,0.5832415819168091
속시원히/MAG,0.5832234621047974
합하/VV,0.5832232236862183
옛부터/MAG,0.5832216739654541
눕히/VV,0.5831518173217773
못지않/VA,0.5830786228179932
점잖/VA,0.5829293727874756
발붙이/VV,0.5829046964645386
싸지르/VV,0.5828543305397034
저/VV,0.5828248262405396
선하/VV,0.5827988982200623
꼴/VV,0.5826020836830139
절절매/VV,0.5825207233428955
얕보/VV,0.5825206637382507
찔끔/MAG,0.5824669599533081
꾸짖/VV,0.5820111632347107
익히/VV,0.58193039894104
비춰지/VV,0.5819284319877625
뻘겋/VA,0.5817914009094238
굽실굽실/MAG,0.5816777348518372
느릿느릿/MAG,0.5816777348518372
가뜩이나/MAG,0.581523597240448
꺽이/VV,0.5812783241271973
슬그머니/MAG,0.5811840295791626
엄밀히/MAG,0.581082820892334
배오/VV,0.5809890627861023
각기/MAG,0.5806464552879333
돌고돌/VV,0.5806334614753723
내버려두/VV,0.580629825592041
만일/MAG,0.5805206298828125
박박/MAG,0.5804727077484131
가라앉히/VV,0.5803766846656799
찾오/VV,0.5802003741264343
맺히/VV,0.5801472067832947
밭/VV,0.5801238417625427
변함없/VA,0.5798183083534241
이라/VV,0.5797563195228577
편히/VA,0.5797351002693176
짤/VV,0.5797297954559326
백배/MAG,0.5795907378196716
저리로/MAG,0.5795589089393616
때려치우/VV,0.5794118046760559
해가/VV,0.579193115234375
쌩쌩/MAG,0.5791662335395813
소용없/VA,0.5791123509407043
새까맣/VA,0.5790308713912964
지금껏/MAG,0.5789651274681091
바짝/MAG,0.5788201093673706
고장나/VV,0.5785889625549316
둘러대/VV,0.5783330202102661
재미없/VA,0.5782917737960815
두서없이/MAG,0.5782804489135742
쥐락펴락/MAG,0.5782049894332886
뒈지/VV,0.5781580805778503
영락없이/MAG,0.578130841255188
버려두/VV,0.5780023336410522
말려주/VV,0.5779396295547485
머무/VV,0.5777633190155029
사무치/VV,0.5776642560958862
얹/VV,0.5774926543235779
비로소/MAG,0.5774005055427551
쑤/VV,0.5772823095321655
옮겨지/VV,0.5772810578346252
늘어서/VV,0.577261209487915
부랴/MAG,0.5772073268890381
두들기/VV,0.577061653137207
턱/MAG,0.5770214200019836
끌어안/VV,0.5769659280776978
되찾/VV,0.576632022857666
들려/VV,0.576518714427948
길들이/VV,0.5764497518539429
잡아달/VV,0.5763928890228271
다독이/VV,0.5763692855834961
말짱/MAG,0.5762520432472229
이래서야/MAG,0.5760988593101501
죄지/VV,0.5760343670845032
쇠/VV,0.5759634375572205
깎이/VV,0.5758339166641235
교묘히/MAG,0.5756065845489502
깨뜨리/VV,0.5755951404571533
미적거리/VV,0.5755525827407837
다리/VV,0.5755524635314941
꿈쩍/MAG,0.575498104095459
흉내내/VV,0.575392484664917
하염없이/MAG,0.5744469165802002
시름시름/MAG,0.5742062330245972
내려앉/VV,0.5741533041000366
뚝/MAG,0.5740329623222351
몰려오/VV,0.5737975835800171
똘똘하/VA,0.5735341310501099
다름아니/VA,0.5734572410583496
폭/MAG,0.5732200741767883
나빠지/VV,0.5731812715530396
곰곰히/MAG,0.5731702446937561
써먹/VV,0.5730475187301636
팽개치/VV,0.5728064179420471
심각히/MAG,0.5726273059844971
성실히/MAG,0.5725638270378113
갖히/VV,0.5724760890007019
내미/VV,0.572208046913147
패이/VV,0.5721712112426758
끔찍히/MAG,0.572130560874939
얽매이/VV,0.5720274448394775
비꼬/VV,0.5720226764678955
밝혀지/VV,0.5720194578170776
몰고가/VV,0.5718891024589539
걸어오/VV,0.5718466639518738
악착같이/MAG,0.5716869831085205
죄다/MAG,0.5714576244354248
암만/MAG,0.571418046951294
빛나/VV,0.5712332725524902
남다르/VA,0.5710396766662598
썩/MAG,0.5706357955932617
울컥/MAG,0.5706357359886169
잠그/VV,0.5702909827232361
굳히/VV,0.570287823677063
출렁이/VV,0.5702605843544006
부끄러워하/VV,0.5702219009399414
겨누/VV,0.569855272769928
벋/VV,0.5698375701904297
싹/VV,0.5697950124740601
바닥나/VV,0.5697884559631348
처지/VV,0.569771945476532
싣/VV,0.5697112083435059
당최/MAG,0.5696096420288086
몰라보/VV,0.5695896148681641
실컷/MAG,0.5695262551307678
떨치/VV,0.5695220828056335
이따/MAG,0.5693808794021606
면밀히/MAG,0.5687655210494995
좁히/VV,0.5685861706733704
걸러내/VV,0.5685238838195801
조급히/MAG,0.56841641664505
지켜지/VV,0.5684015154838562
끈질기/VA,0.5683320164680481
새삼/MAG,0.5678396821022034
주고받/VV,0.5678393244743347
편찮/VA,0.5677444934844971
그려지/VV,0.5677318572998047
꼼짝/MAG,0.5677095651626587
사리/VV,0.567699670791626
꾸벅/MAG,0.567500114440918
무릅쓰/VV,0.5674625039100647
떼우/VV,0.5673892498016357
쫓아다니/VV,0.567387044429779
쉐/VV,0.5673563480377197
발버둥치/VV,0.5673019886016846
굳/VV,0.5672921538352966
받치/VV,0.5672575235366821
뒤짚/VV,0.5671977400779724
치우치/VV,0.567068338394165
삥/MAG,0.5669925212860107
떠올르/VV,0.5669860243797302
족치/VV,0.5668686628341675
간단히/MAG,0.5668543577194214
않되/VV,0.56675785779953
맞춰지/VV,0.5666790008544922
도로/MAG,0.5666781067848206
묵묵히/MAG,0.5665333271026611
추하/VA,0.5664642453193665
띄우/VV,0.566447377204895
찔끔찔끔/MAG,0.5664371252059937
깨물/VV,0.5661157369613647
깍이/VV,0.5660449862480164
헤매/VV,0.5657521486282349
유독/MAG,0.5657252073287964
들쑤시/VV,0.5655556917190552
들뜨/VV,0.5653214454650879
깔보/VV,0.5652596950531006
삭이/VV,0.5651541352272034
하다못해/MAG,0.5649508237838745
넘보/VV,0.5648312568664551
더러/MAG,0.5648208856582642
뒤집히/VV,0.5647550821304321
좋아하/VA,0.5647155046463013
못살/VV,0.5647130012512207
숨지/VV,0.56455397605896
빡/MAG,0.5643209218978882
닫히/VV,0.5642887353897095
박살나/VV,0.5642425417900085
고생고생/MAG,0.5642213225364685
드시/VV,0.5640085935592651
휴식/MAG,0.5640000104904175
고만/MAG,0.5637090802192688
와보/VV,0.5636335611343384
누비/VV,0.5635305047035217
선뜻/MAG,0.5635195970535278
가로질리/VV,0.5634610056877136
터주/VV,0.5633867979049683
끊어지/VV,0.5633531808853149
두드리/VV,0.5631736516952515
쫓아가/VV,0.5631004571914673
함꼐/MAG,0.5629568099975586
후지/VA,0.5629463195800781
되돌아보/VV,0.5629360675811768
부추키/VV,0.5628069639205933
캐내/VV,0.5627986192703247
바래/VV,0.5627365708351135
채이/VV,0.5627149939537048
휩쓸/VV,0.5626404285430908
기리/VV,0.5626038312911987
사사건건/MAG,0.5624797344207764
극하/VV,0.5624772310256958
헤엄치/VV,0.5623685717582703
빼놓/VV,0.562350332736969
거르/VV,0.5623016953468323
버젓히/MAG,0.562296450138092
까발리/VV,0.5622825622558594
조만간/MAG,0.5622441172599792
멋대로/MAG,0.5621946454048157
못주/VV,0.5619044303894043
은근슬쩍/MAG,0.5617399215698242
끌려다니/VV,0.5613776445388794
되묻/VV,0.5612595081329346
후리/VV,0.5611688494682312
끓어오르/VV,0.5611629486083984
얻어먹/VV,0.5611233115196228
혼나/VV,0.560965895652771
비뚤/VA,0.560918390750885
오리/VV,0.5608252286911011
뻥뻥/MAG,0.5607168674468994
갈아주/VV,0.5606738924980164
졸리/VA,0.5606055855751038
반갑/VA,0.5605404376983643
높이/MAG,0.5604870319366455
모자르/VV,0.5604077577590942
끄집/VV,0.5603602528572083
줄지/VV,0.5601087808609009
비비/MAG,0.5599542856216431
실려가/VV,0.559913158416748
고이/VV,0.5598897933959961
남아돌/VV,0.5598232746124268
퍼트리/VV,0.5597504377365112
꼼짝없이/MAG,0.5597141981124878
잠구/VV,0.5596080422401428
기나길/VA,0.5595690608024597
치밀히/MAG,0.5595129728317261
성나/VV,0.5593895316123962
멀쩡히/MAG,0.5592938661575317
비집/VV,0.5592787265777588
면하/VV,0.5589944124221802
지니/VV,0.5588433146476746
주춤거리/VV,0.5587166547775269
가까워지/VV,0.5586037635803223
외지/VA,0.5585533380508423
펄럭이/VV,0.5584650039672852
이만/MAG,0.5584580302238464
사들이/VV,0.5584269762039185
갉아먹/VV,0.5584269762039185
뛰어노/VV,0.5583477020263672
평생/MAG,0.558337390422821
목메/VV,0.5581378936767578
말미암/VV,0.5581314563751221
한결같이/MAG,0.5578649044036865
빛내/VV,0.5578499436378479
쏴/MAG,0.5578274726867676
드세/VA,0.5574661493301392
두루두루/MAG,0.5572464466094971
나불대/VV,0.5572460889816284
널르/VA,0.557097315788269
술술/MAG,0.5570756196975708
못되/VA,0.5569337606430054
빨갛/VA,0.5568944811820984
에서/MAG,0.5568834543228149
왔다갔다/MAG,0.5566664934158325
들키/VV,0.556640088558197
몰아부치/VV,0.5565899610519409
대단히/MAG,0.5565577745437622
머지않/VA,0.556463360786438
튼튼히/MAG,0.5564061403274536
기억나/VV,0.5563925504684448
지켜오/VV,0.556106448173523
드물/VA,0.5560342073440552
기막히/VA,0.5558186769485474
나날이/MAG,0.5558012127876282
추우/VV,0.5557062029838562
훅/MAG,0.5555791854858398
퍼뜨리/VV,0.5554994344711304
설령/MAG,0.5554794073104858
달랑/MAG,0.5551729202270508
슬쩍/MAG,0.5551459193229675
갈라놓/VV,0.5550761222839355
우째/MAG,0.5550112724304199
허무/VV,0.5550001859664917
부러우/VA,0.5549814701080322
거듭/MAG,0.5549144148826599
영영/MAG,0.5548519492149353
잊히/VV,0.5548341870307922
편가르/VV,0.5548341870307922
들썩이/VV,0.5546234250068665
잠/MAG,0.5541492700576782
달르/VA,0.554110050201416
설/VA,0.554017961025238
따라잡/VV,0.5537852048873901
없이/VV,0.553648829460144
바야흐로/MAG,0.5536403656005859
가벼이/MAG,0.5536379814147949
알아내/VV,0.5533823370933533
일깨우/VV,0.5531179904937744
부릅뜨/VV,0.5529647469520569
날아오/VV,0.5529595017433167
움켜쥐/VV,0.5529486536979675
굽신/MAG,0.5527855157852173
빼았기/VV,0.5527650117874146
꿇리/VV,0.5527635812759399
쓰리/VA,0.552685558795929
시원찮/VA,0.5525116920471191
만/VV,0.5524877309799194
여/VV,0.5524276494979858
죄짓/VV,0.5524186491966248
못쓰/VV,0.5524022579193115
하하/MAG,0.5522529482841492
왈/MAG,0.5516787767410278
옮/VV,0.5516223907470703
세밀히/MAG,0.5516160130500793
더럽히/VV,0.5516019463539124
쐬/VV,0.5515972971916199
빙/MAG,0.5514487028121948
비단/MAG,0.551427960395813
뽐내/VV,0.5513815879821777
겉잡/VV,0.5513649582862854
늘상/MAG,0.5512694716453552
빨아들이/VV,0.5512585043907166
자알/MAG,0.5510621070861816
맞먹/VV,0.5509432554244995
뚝딱/MAG,0.550925612449646
헛되이/MAG,0.5508401393890381
거닐/VV,0.5506860017776489
열라/MAG,0.5506614446640015
들쑥날쑥/MAG,0.5506016612052917
아우르/VV,0.550580620765686
얼렁뚱땅/MAG,0.5505245923995972
진짜로/MAG,0.5505056381225586
내가/VV,0.5504937767982483
피해가/VV,0.5503299832344055
만지작거리/VV,0.5503261089324951
제멋대로/MAG,0.5497972965240479
건방지/VA,0.5497515201568604
흥겹/VA,0.5497239828109741
하여튼/MAG,0.549707293510437
팔굽히/VV,0.5494576096534729
깨우치/VV,0.5493817925453186
여실히/MAG,0.5492788553237915
잇/VA,0.5492695569992065
쯔/MAG,0.5492067337036133
쓸쓸히/MAG,0.5491242408752441
구리/VA,0.5490449666976929
뚝뚝/MAG,0.5489902496337891
유례없/VA,0.5489392876625061
행여나/MAG,0.5488220453262329
적잖/VA,0.5487345457077026
불쌍히/MAG,0.5487070679664612
두려워/VV,0.5486810803413391
내딛/VV,0.5486423373222351
살찌우/VV,0.54862380027771
의심쩍/VA,0.5486019849777222
바리/VV,0.5485948920249939
그리도/MAG,0.5485351085662842
받들/VV,0.5484139919281006
꽂히/VV,0.548263669013977
순간/MAG,0.5482430458068848
갑작스레/MAG,0.5476140975952148
뒤덮/VV,0.5475798845291138
대뜸/MAG,0.5474510192871094
싸이/VV,0.5474420785903931
찾아뵈/VV,0.5473729372024536
카/VV,0.5471906065940857
때려치/VV,0.547001838684082
유달리/MAG,0.5468339920043945
껄끄럽/VA,0.5467633008956909
파고들/VV,0.54671311378479
행해지/VV,0.5466670989990234
실실/MAG,0.546569287776947
마추/VV,0.54653000831604
몸소/MAG,0.5464929938316345
타고나/VV,0.5464804172515869
출렁출렁/MAG,0.5462759733200073
찌/MAG,0.5461875200271606
들이키/VV,0.5461736917495728
고르/VV,0.5461702346801758
훤히/MAG,0.5460249185562134
저절로/MAG,0.5460211038589478
하리/VV,0.5459496974945068
손보/VV,0.5457375049591064
팍/MAG,0.5456830859184265
치대/VV,0.5453742742538452
생생히/MAG,0.5451158285140991
뛰어나/VV,0.5450108647346497
차오르/VV,0.544982373714447
차곡차곡/MAG,0.544909656047821
씌/VV,0.5448688268661499
물어내/VV,0.5448379516601562
질르/VV,0.5446768403053284
크/MAG,0.5444726943969727
범/VV,0.5443716049194336
공정히/MAG,0.5442776083946228
갸우뚱/MAG,0.5441124439239502
빠리/MAG,0.544025182723999
거들/VV,0.5438965559005737
겨루/VV,0.5438506603240967
어영부영/MAG,0.5438410043716431
뜯어고치/VV,0.5432639718055725
얼른/MAG,0.5432024002075195
나타내/VV,0.5430328845977783
적시/VV,0.5429326295852661
던져지/VV,0.5429065227508545
들어내/VV,0.5428972244262695
요새/MAG,0.5428065061569214
매몰차/VA,0.5426918268203735
져야하/VV,0.5426815748214722
지새우/VV,0.5425776243209839
도사리/VV,0.5425173044204712
멍하니/MAG,0.5424709916114807
들러붙/VV,0.5424371361732483
고사하고/MAG,0.5422820448875427
딸랑/MAG,0.542220413684845
탁/MAG,0.5419280529022217
외/VV,0.5418624877929688
워낙/MAG,0.5417523980140686
내려보내/VV,0.5416122078895569
밀려나/VV,0.5415247082710266
징글징글/MAG,0.5415189266204834
갈아엎/VV,0.5414586067199707
날라오/VV,0.5413358211517334
너그러이/MAG,0.5413333177566528
아낌없/VA,0.5411972999572754
짧아지/VV,0.5410568118095398
뒤흔들/VV,0.5409711599349976
번거롭/VA,0.5408997535705566
덮이/VV,0.5408841967582703
꿈틀거리/VV,0.5405615568161011
기달/VV,0.5405526161193848
맞물/VV,0.5402424931526184
드높이/VV,0.5401664972305298
마침/MAG,0.5401511192321777
빌빌/MAG,0.5401185154914856
매해/MAG,0.5400869250297546
공공연히/MAG,0.5398724675178528
물쓰듯/MAG,0.5397763252258301
대리/VV,0.5395666360855103
가파르/VA,0.539470374584198
부러/MAG,0.5392248630523682
평안히/MAG,0.5391005277633667
부딛히/VV,0.5389625430107117
디디/VV,0.5388060212135315
휘젓/VV,0.5386967658996582
모셔오/VV,0.5386019945144653
쥐어짜/VV,0.5385912656784058
못생기/VV,0.5383957624435425
키워보/VV,0.538114070892334
숨겨지/VV,0.5380643606185913
합쳐지/VV,0.5379986763000488
만만히/MAG,0.5378689169883728
파이/VV,0.5375384092330933
뛰어드/VV,0.5374276638031006
헷갈리/VV,0.5374231338500977
스러져가/VV,0.5373966693878174
섣불리/MAG,0.5373932123184204
사놓/VV,0.5373848676681519
나눠지/VV,0.5373372435569763
어려우/VA,0.537334680557251
말려들/VV,0.5373156666755676
얌전히/MAG,0.5372791886329651
격하/VA,0.5372697114944458
뒤집어쓰/VV,0.5371659994125366
요리조리/MAG,0.5370520949363708
어리둥절/MAG,0.5370519757270813
작작/MAG,0.5369774103164673
딱하/VA,0.536946713924408
단단히/MAG,0.5368742942810059
듯/VV,0.5367003083229065
깜빡하/VV,0.536661684513092
때마침/MAG,0.5366590023040771
깁/VV,0.5364534854888916
슬퍼지/VV,0.5364197492599487
일컬/VV,0.5363689064979553
걸핏하면/MAG,0.5363462567329407
어지간히/MAG,0.5362890362739563
처들/VV,0.536257803440094
끌어올르/VV,0.5361786484718323
맞닿/VV,0.5360491871833801
유유히/MAG,0.536028265953064
끌려오/VV,0.5358332991600037
챙/MAG,0.5356841087341309
바끼/VV,0.535597026348114
무르익/VV,0.5354470014572144
억울히/MAG,0.5351146459579468
치미/VV,0.5350785255432129
부지런히/MAG,0.5350286960601807
상스럽/VA,0.5350197553634644
불어오/VV,0.5348005294799805
이제껏/MAG,0.5347989797592163
겉/VA,0.5347521901130676
어쩌면/MAG,0.5346462726593018
통/VV,0.534439206123352
금/VV,0.5344308614730835
기울어지/VV,0.5343129634857178
내일/MAG,0.5342435836791992
발하/VV,0.5342090129852295
고쳐지/VV,0.5339289307594299
최소한/MAG,0.533565878868103
마침내/MAG,0.533281147480011
땡/MAG,0.5332592725753784
슬금슬금/MAG,0.533128023147583
도/VV,0.5331275463104248
이러하/VA,0.5331085324287415
매우/VV,0.5330532789230347
횡횡/MAG,0.5330291986465454
잠겨지/VV,0.5329394936561584
서두르/VV,0.5329319834709167
곱씹/VV,0.5326053500175476
따로따로/MAG,0.5324504375457764
문제삼/VV,0.5324499607086182
드르르르/MAG,0.5322855114936829
애처롭/VA,0.5321558713912964
그저께/MAG,0.5321499109268188
약/VA,0.5319002866744995
어김없이/MAG,0.5318840742111206
뒤바뀌/VV,0.5318317413330078
아미/MAG,0.5318020582199097
징징대/VV,0.5317462086677551
들인/VV,0.5317429900169373
꾀하/VV,0.531740665435791
넘어오/VV,0.5317279100418091
돌려보/VV,0.531714677810669
전해지/VV,0.5316644906997681
매시간/MAG,0.5316543579101562
숙/VV,0.531536340713501
거쳐가/VV,0.53147953748703
고파/VA,0.5313884019851685
정들/VV,0.5313591957092285
뿌시/VV,0.5313180685043335
파내/VV,0.5311956405639648
익히/MAG,0.5310008525848389
쏙/MAG,0.5308775901794434
응하/VV,0.5307567119598389
아작/MAG,0.5302603840827942
복/MAG,0.5301879644393921
물리치/VV,0.5301668047904968
꽃/VV,0.5300163626670837
한가득/MAG,0.5300137400627136
캄캄/MAG,0.529751181602478
뛰노/VV,0.5296744704246521
가로지르/VV,0.5295331478118896
지리하/VA,0.5293195247650146
덜커덩/MAG,0.5292415618896484
흘러넘치/VV,0.5291312336921692
가까스로/MAG,0.5291205644607544
어쩌다가/MAG,0.5290947556495667
낄낄대/VV,0.5289856791496277
으로/MAG,0.5289226174354553
벌주/VV,0.5286660194396973
츄/MAG,0.5285212993621826
장하/VA,0.5283434391021729
어찌서/MAG,0.527989387512207
느리/VA,0.5279711484909058
내비치/VV,0.527936577796936
맞물리/VV,0.5278873443603516
다짜고짜/MAG,0.5278459191322327
씨부리/VV,0.5275837182998657
힘입/VV,0.5275747179985046
까내리/VV,0.5274331569671631
찹/VA,0.5272557735443115
걸려오/VV,0.5272087454795837
칭하/VV,0.527126669883728
부여받/VV,0.5270847678184509
써/VV,0.527045488357544
깜빡/MAG,0.5268533229827881
맞잡/VV,0.526495099067688
백이/VV,0.5264538526535034
엄히/MAG,0.5263906121253967
동/MAG,0.526181697845459
블/VV,0.5259869694709778
씩/MAG,0.5257843732833862
물려받/VV,0.5257319808006287
버벅거리/VV,0.5253596305847168
저러하/VA,0.5252818465232849
틈틈이/MAG,0.525196373462677
끄적이/VV,0.5250444412231445
선보이/VV,0.5246619582176208
뛰쳐나가/VV,0.524643063545227
채워지/VV,0.5245857834815979
끼리끼리/MAG,0.5245550870895386
태연히/MAG,0.5244250893592834
사시사철/MAG,0.5243992805480957
싸매/VV,0.5243909358978271
깊히/MAG,0.5243058204650879
얼핏/MAG,0.5242516994476318
대대로/MAG,0.5241727828979492
널리/VV,0.5241151452064514
꿋꿋이/MAG,0.5240510702133179
삼가/MAG,0.524021327495575
이왕이면/MAG,0.5239990949630737
날/VV,0.5235605239868164
순간순간/MAG,0.5235350131988525
내려놓/VV,0.5234591960906982
머나멀/VA,0.5234287977218628
끊임없/VA,0.5233572125434875
호되/VA,0.5233520269393921
뒤엉키/VV,0.5232793688774109
대물리/VV,0.5232234001159668
거저/MAG,0.5231860876083374
화하/VV,0.5230597257614136
만하/VV,0.5229432582855225
줄서/VV,0.5227692723274231
고/VV,0.5227129459381104
흐느끼/VV,0.5219265222549438
휘날리/VV,0.5210859775543213
귀울이/VV,0.5209968090057373
흔쾌히/MAG,0.5209833979606628
목적/VV,0.520947277545929
어우러지/VV,0.5209472179412842
긋/VV,0.5209023952484131
이리도/MAG,0.5208911299705505
기리/MAG,0.5208571553230286
시피/MAG,0.5207331776618958
모쪼록/MAG,0.5207079648971558
써내/VV,0.5203166007995605
허둥대/VV,0.5202674269676208
더듬/VV,0.5202131271362305
붙잡히/VV,0.520203709602356
겉핥/VV,0.5201209187507629
이어져오/VV,0.519842267036438
불이/VV,0.5196937918663025
마이/MAG,0.5192731618881226
벌떡/MAG,0.5192074179649353
혹여/MAG,0.5191436409950256
번갈/VV,0.5188981294631958
어느덧/MAG,0.5188462734222412
조리/VV,0.5187259912490845
퍽/MAG,0.518683671951294
피식/MAG,0.5186559557914734
돋치/VV,0.5185617208480835
연하/VV,0.5184619426727295
황급히/MAG,0.518438458442688
반짝/MAG,0.5183389186859131
재빠르/VA,0.5182161927223206
쾅/MAG,0.517749011516571
뿌려지/VV,0.5176306962966919
써보/VV,0.5175858736038208
흐려지/VV,0.5174742341041565
흡사/MAG,0.5173707008361816
맞히/VV,0.5169944763183594
겹치/VV,0.516708254814148
떠받들/VV,0.5165795087814331
소상히/MAG,0.5164667367935181
끼이/VV,0.5159389972686768
척/MAG,0.515770673751831
치떨리/VV,0.5156599879264832
까불/VV,0.515647292137146
기어나오/VV,0.5156450271606445
뒤/VV,0.5155391693115234
다름없이/MAG,0.5155206322669983
넉넉히/MAG,0.515434741973877
어려워하/VV,0.515392541885376
드나들/VV,0.5153522491455078
치달/VV,0.515044093132019
각별히/MAG,0.5149562954902649
순전히/MAG,0.5149546265602112
공들이/VV,0.5149427652359009
제법/MAG,0.5149195194244385
더우기/MAG,0.5148652791976929
그다지/MAG,0.5146671533584595
치러/VV,0.5146090388298035
바이/MAG,0.5145055055618286
때때로/MAG,0.5144370794296265
맞장뜨/VV,0.5142584443092346
참말로/MAG,0.5138514637947083
올려지/VV,0.5138329267501831
가만있/VV,0.5137822031974792
큰일나/VV,0.5133281350135803
올바로/MAG,0.5131269693374634
비아냥거리/VV,0.513067901134491
고마워하/VV,0.5129444599151611
득실득실/MAG,0.5128175020217896
되돌아오/VV,0.5126950740814209
맘놓/VV,0.5125735998153687
단숨에/MAG,0.5125526189804077
쩌렁쩌렁/MAG,0.5124210119247437
그려/VV,0.5121003985404968
넘나들/VV,0.5120382308959961
내려서/VV,0.5119818449020386
시뻘겋/VA,0.5119723677635193
그야말로/MAG,0.5119603872299194
열렬히/MAG,0.5118211507797241
충실히/MAG,0.5116564035415649
가급적/MAG,0.5116380453109741
적절히/MAG,0.5114175081253052
쪼그라들/VV,0.511364221572876
나몰라라/MAG,0.5111935138702393
길들/VV,0.5111925005912781
곤두박질치/VV,0.5111427307128906
뭉게/VV,0.5109339952468872
떡하니/MAG,0.5109217762947083
싶/VV,0.510827898979187
뻐끔/MAG,0.5104578137397766
쳐들어가/VV,0.5103176236152649
때가/VV,0.5102490186691284
거침없이/MAG,0.5100818276405334
재차/MAG,0.5100471377372742
대이/VV,0.5099834203720093
뼈저리/VV,0.5097617506980896
길래/MAG,0.5094896554946899
틀림없이/MAG,0.5094723105430603
호감/VV,0.5094585418701172
대개/MAG,0.5093927383422852
기달리/VV,0.5093692541122437
차이/VV,0.5093026757240295
부쩍/MAG,0.5092586874961853
떠돌아다니/VV,0.5092300772666931
목매달/VV,0.5091986656188965
섥히/VV,0.5086836814880371
저물/VV,0.5086774826049805
야위/VV,0.5086610317230225
함/MAG,0.5086561441421509
빵빵/MAG,0.508634090423584
후하/VA,0.5084704756736755
쫏/MAG,0.5084701180458069
불태우/VV,0.5084440112113953
눈여기/VV,0.508118212223053
문득/MAG,0.5080299973487854
부득이/MAG,0.5079846978187561
쉬/MAG,0.5079426169395447
메달/VV,0.5078979730606079
옳바르/VA,0.5078466534614563
힘있/VA,0.5077357888221741
조심히/MAG,0.5076043009757996
대거/MAG,0.5076042413711548
끌어당기/VV,0.5075381994247437
미처/MAG,0.507447361946106
흐트러지/VV,0.5074045658111572
영/MAG,0.5072258710861206
날아들/VV,0.5071667432785034
주시/VV,0.5068837404251099
꼬옥/MAG,0.5067601203918457
구해지/VV,0.5064818263053894
참다참다/MAG,0.5064442753791809
못생기/VA,0.5064190626144409
히/MAG,0.5063109993934631
메워지/VV,0.506003737449646
뒤덮이/VV,0.5059202909469604
틀리/VV,0.5058200359344482
막연히/MAG,0.5055624842643738
해드리/VV,0.5052800178527832
시꺼멓/VA,0.5052118301391602
정/MAG,0.5051697492599487
줄곧/MAG,0.5048289895057678
무사히/MAG,0.504818320274353
틀어막/VV,0.5047620534896851
서투르/VA,0.5045183300971985
가득차/VV,0.5044748783111572
호/VV,0.5043952465057373
깊숙히/MAG,0.5043001174926758
몰아치/VV,0.5042698383331299
불거지/VV,0.5042498111724854
흘러내리/VV,0.5041212439537048
다가서/VV,0.5040850639343262
진실로/MAG,0.5040158033370972
지언지/VV,0.5038119554519653
소홀히/MAG,0.5037938356399536
나란히/MAG,0.5036101341247559
안타까워하/VV,0.5035219788551331
욕되/VV,0.5035215616226196
받드/VV,0.5033450126647949
착/MAG,0.5033056139945984
여닫/VV,0.5032919645309448
겹쳐지/VV,0.5032718181610107
텅텅/MAG,0.503169059753418
촘촘히/MAG,0.5031535625457764
팅/MAG,0.503018856048584
날라다니/VV,0.5029340386390686
인까/MAG,0.5027850866317749
여간/MAG,0.5027685761451721
건강히/MAG,0.5026087760925293
난생/MAG,0.5026081204414368
강해지/VV,0.5024290084838867
헤쳐나가/VV,0.5023869276046753
없다/VA,0.5022339820861816
들먹거리/VV,0.5021646618843079
시답잖/VA,0.5020961761474609
뚜렷이/MAG,0.50200355052948
공들/VV,0.5015723705291748
참다못하/VV,0.5014367699623108
막아내/VV,0.5013613104820251
가려내/VV,0.5012960433959961
권하/VV,0.5011876225471497
도와주/VV,0.5009427070617676
유하/VV,0.5009228587150574
머물르/VV,0.5008586645126343
뒤집어씌우/VV,0.5007803440093994
곰곰이/MAG,0.500704288482666
어떤/VA,0.5005083084106445
들이마시/VV,0.500425398349762
페에/MAG,0.5003625154495239
되사/VV,0.5000141859054565
